municipality_id,municipality_name,lat,lon,month,pm10_avg,pm10_max,pm25_avg,pm25_max,no2_avg,no2_max,so2_avg,so2_max,o3_avg,o3_max,co_avg,co_max,source
110200000110265167,Ajdovščina,45.89933295173645,13.907664176722186,2022-07,10.441935483870967,44.1,7.801478494623656,33.5,2.475,10.0,0.9172043010752687,4.2,89.23790322580645,163.0,119.41397849462365,315.0,Open-Meteo Air Quality API (CAMS Europe reanalysis)
110200000110265241,Beltinci,46.60799674726164,16.231727327342917,2022-07,10.07983870967742,25.4,7.135752688172043,18.8,2.835752688172043,8.3,0.7649193548387097,2.6,87.74596774193549,143.0,99.81182795698925,154.0,Open-Meteo Air Quality API (CAMS Europe reanalysis)
110200000110265324,Bled,46.34564611559651,14.078742143542984,2022-07,9.626747311827957,24.2,6.869489247311828,19.0,2.4399193548387097,5.5,0.591263440860215,2.1,86.00806451612904,144.0,114.71505376344086,160.0,Open-Meteo Air Quality API (CAMS Europe reanalysis)
110200000110265597,Bohinj,46.294095861794005,13.915927174177563,2022-07,9.434543010752689,25.2,6.665322580645161,18.5,2.0024193548387097,4.6,0.6006720430107526,2.5,87.70833333333333,149.0,111.35215053763442,215.0,Open-Meteo Air Quality API (CAMS Europe reanalysis)
110200000110265670,Borovnica,45.91315529144432,14.378272445618691,2022-07,10.474327956989248,36.5,7.939516129032258,32.4,3.663306451612903,9.3,0.9329301075268818,3.0,86.76344086021506,152.0,116.83870967741936,187.0,Open-Meteo Air Quality API (CAMS Europe reanalysis)
110200000110265753,Bovec,46.35557983670126,13.623715680532811,2022-07,8.908602150537634,25.0,6.303360215053763,18.8,1.9952956989247312,4.4,0.5278225806451613,1.8,83.75940860215054,139.0,109.26344086021506,149.0,Open-Meteo Air Quality API (CAMS Europe reanalysis)
110200000110265837,Brda,46.01249667914747,13.545384741724554,2022-07,10.585483870967742,40.2,7.618817204301075,31.1,3.3024193548387095,10.7,0.7120967741935483,2.7,89.92338709677419,162.0,124.91801075268818,270.0,Open-Meteo Air Quality API (CAMS Europe reanalysis)
110200000110265910,Brezovica,45.948389066791556,14.424470563392758,2022-07,10.48239247311828,34.6,7.933602150537635,29.8,3.918010752688172,8.4,0.9663978494623656,2.9,87.18548387096774,141.0,115.89516129032258,177.0,Open-Meteo Air Quality API (CAMS Europe reanalysis)
110200000110266058,Brežice,45.931540937364936,15.620887287184894,2022-07,9.804569892473118,20.8,7.192607526881721,16.0,2.948790322580645,9.5,0.9932795698924731,3.8,87.38037634408602,151.0,113.49327956989248,176.0,Open-Meteo Air Quality API (CAMS Europe reanalysis)
110200000110266132,Tišina,46.66104023841314,16.07849070585566,2022-07,10.38239247311828,25.5,7.208736559139785,17.9,3.1748655913978494,8.6,0.6771505376344086,2.0,90.39247311827957,145.0,102.15591397849462,161.0,Open-Meteo Air Quality API (CAMS Europe reanalysis)
110200000110266215,Celje,46.248622712594695,15.266053011631172,2022-07,10.566666666666666,23.4,7.712096774193548,16.7,3.753763440860215,8.9,1.089784946236559,3.1,86.97446236559139,138.0,111.38306451612904,160.0,Open-Meteo Air Quality API (CAMS Europe reanalysis)
110200000110266306,Cerklje na Gorenjskem,46.252839987878666,14.5000313079136,2022-07,10.709543010752688,29.2,7.746505376344086,22.4,2.833736559139785,8.3,0.849731182795699,3.1,87.89516129032258,140.0,111.07123655913979,167.0,Open-Meteo Air Quality API (CAMS Europe reanalysis)
110200000110266488,Cerknica,45.80483393278454,14.378013933464098,2022-07,9.50483870967742,32.4,7.234543010752688,27.6,2.555779569892473,6.3,0.921505376344086,3.3,87.80645161290323,155.0,113.28897849462365,170.0,Open-Meteo Air Quality API (CAMS Europe reanalysis)
110200000110266561,Cerkno,46.12469163477953,13.97239680458783,2022-07,9.782795698924732,31.1,6.99516129032258,24.4,2.1877688172043013,6.5,0.6887096774193548,2.9,88.35215053763442,157.0,114.73655913978494,286.0,Open-Meteo Air Quality API (CAMS Europe reanalysis)
110200000110266645,Črenšovci,46.55589204469434,16.295700824403717,2022-07,10.092338709677419,24.3,7.234811827956989,18.1,2.738172043010753,8.0,0.8439516129032257,2.8,88.46639784946237,144.0,101.98655913978494,160.0,Open-Meteo Air Quality API (CAMS Europe reanalysis)
110200000110266728,Črna na Koroškem,46.463412166633624,14.828705078475869,2022-07,9.979435483870967,22.9,7.052284946236559,17.1,2.136962365591398,4.3,0.7689516129032259,2.5,87.06182795698925,139.0,106.37768817204301,150.0,Open-Meteo Air Quality API (CAMS Europe reanalysis)
110200000110266991,Črnomelj,45.52104559776208,15.196510936024394,2022-07,8.961290322580645,20.1,7.054435483870968,15.7,2.077284946236559,4.5,1.0629032258064515,4.0,85.14381720430107,142.0,111.29704301075269,158.0,Open-Meteo Air Quality API (CAMS Europe reanalysis)
110200000110267023,Destrnik,46.48342303096755,15.880466147723675,2022-07,10.419489247311828,24.2,7.426612903225806,16.9,3.9211021505376347,11.4,0.9641129032258063,3.1,90.96370967741936,142.0,109.89650537634408,180.0,Open-Meteo Air Quality API (CAMS Europe reanalysis)
110200000110267296,Divača,45.686192059324334,14.02556574267288,2022-07,9.363440860215054,32.1,7.069489247311828,26.5,2.0576612903225806,7.1,1.0821236559139786,3.6,89.96505376344086,150.0,116.24059139784946,232.0,Open-Meteo Air Quality API (CAMS Europe reanalysis)
110200000110267379,Dobrepolje,45.82204052089177,14.73569790326989,2022-07,9.275268817204301,23.8,7.071102150537634,20.3,2.7548387096774194,7.6,0.912231182795699,3.1,86.91935483870968,139.0,110.73252688172043,170.0,Open-Meteo Air Quality API (CAMS Europe reanalysis)
110200000110267452,Dobrova-Polhov Gradec,46.061748817418184,14.311345547178618,2022-07,11.423387096774194,41.4,8.464247311827956,34.7,4.456048387096774,10.7,1.0473118279569893,3.1,87.1975806451613,160.0,119.95564516129032,259.0,Open-Meteo Air Quality API (CAMS Europe reanalysis)
110200000110267536,Dol pri Ljubljani,46.093963511216785,14.67296464451316,2022-07,10.823521505376345,29.2,8.060887096774193,22.8,3.821774193548387,12.0,1.0438172043010754,2.8,86.76612903225806,144.0,113.88844086021506,182.0,Open-Meteo Air Quality API (CAMS Europe reanalysis)
110200000110267619,Domžale,46.14511098706093,14.627027238317888,2022-07,10.946908602150538,27.1,8.001209677419354,21.5,3.2745967741935487,9.7,0.9799731182795699,3.0,87.12096774193549,142.0,112.65994623655914,174.0,Open-Meteo Air Quality API (CAMS Europe reanalysis)
110200000110267700,Dornava,46.44887645183053,15.990362490774288,2022-07,10.185349462365592,24.0,7.220161290322581,16.9,3.3041666666666667,10.9,0.8380376344086021,2.9,91.1989247311828,145.0,107.25268817204301,169.0,Open-Meteo Air Quality API (CAMS Europe reanalysis)
110200000110267882,Dravograd,46.59748888852293,15.0338725727854,2022-07,10.94784946236559,24.3,7.654301075268817,17.6,3.184274193548387,7.5,0.8096774193548387,2.6,85.04301075268818,133.0,109.8239247311828,158.0,Open-Meteo Air Quality API (CAMS Europe reanalysis)
110200000110267965,Duplek,46.51166419640909,15.766404583672786,2022-07,10.82284946236559,26.8,7.65241935483871,17.7,4.266263440860215,13.6,0.8278225806451612,2.7,92.34946236559139,144.0,108.70967741935483,178.0,Open-Meteo Air Quality API (CAMS Europe reanalysis)
110200000110268005,Gorenja vas-Poljane,46.114805521299694,14.135894996051737,2022-07,10.345295698924732,35.4,7.429166666666667,28.3,3.00752688172043,7.2,0.7844086021505376,3.1,87.91935483870968,158.0,114.77284946236558,228.0,Open-Meteo Air Quality API (CAMS Europe reanalysis)
110200000110268187,Gorišnica,46.406024138630045,16.010717527951773,2022-07,10.086290322580645,24.3,7.154704301075269,16.4,2.8888440860215057,8.9,0.8095430107526881,2.8,91.27822580645162,145.0,105.42338709677419,163.0,Open-Meteo Air Quality API (CAMS Europe reanalysis)
110200000110268260,Gornja Radgona,46.63609013757978,15.961453578907571,2022-07,10.452016129032259,26.4,7.209139784946237,19.0,3.315994623655914,8.4,0.6639784946236559,2.1,91.60887096774194,146.0,103.375,165.0,Open-Meteo Air Quality API (CAMS Europe reanalysis)
110200000110268344,Gornji Grad,46.288051864851276,14.788281094578636,2022-07,10.02755376344086,23.8,7.176881720430108,17.4,2.218279569892473,5.6,0.8596774193548388,2.7,88.27956989247312,132.0,107.4247311827957,163.0,Open-Meteo Air Quality API (CAMS Europe reanalysis)
110200000110268427,Gornji Petrovci,46.8072712260991,16.205144376669423,2022-07,10.049999999999999,26.1,6.834274193548387,18.8,2.7041666666666666,6.8,0.7155913978494624,2.2,86.01747311827957,143.0,96.87231182795699,152.0,Open-Meteo Air Quality API (CAMS Europe reanalysis)
110200000110268690,Grosuplje,45.93954290420872,14.669415680857783,2022-07,10.092876344086022,29.7,7.639650537634408,24.9,4.0532258064516125,11.3,0.9321236559139785,3.1,87.25537634408602,143.0,113.95430107526882,177.0,Open-Meteo Air Quality API (CAMS Europe reanalysis)
110200000110268773,Šalovci,46.833313251305384,16.261751394905605,2022-07,10.049999999999999,26.1,6.834274193548387,18.8,2.7041666666666666,6.8,0.7155913978494624,2.2,86.01747311827957,143.0,96.87231182795699,152.0,Open-Meteo Air Quality API (CAMS Europe reanalysis)
110200000110268856,Hrastnik,46.131320385321565,15.118720233905014,2022-07,10.168951612903225,21.1,7.445833333333333,17.4,3.025537634408602,7.5,1.0700268817204301,3.0,88.23252688172043,135.0,110.88575268817205,170.0,Open-Meteo Air Quality API (CAMS Europe reanalysis)
110200000110268930,Idrija,45.989070736242,14.004466859172728,2022-07,10.465725806451612,43.2,7.756451612903226,37.3,2.5495967741935486,7.8,0.8573924731182795,3.8,89.3252688172043,157.0,117.82795698924731,320.0,Open-Meteo Air Quality API (CAMS Europe reanalysis)
110200000110269078,Ig,45.93321170122315,14.51632311584553,2022-07,10.373387096774193,33.6,7.832661290322581,27.5,4.112903225806452,10.8,1.003494623655914,2.8,87.18145161290323,138.0,115.44489247311827,177.0,Open-Meteo Air Quality API (CAMS Europe reanalysis)
110200000110269151,Ivančna Gorica,45.91625895965092,14.812244275349562,2022-07,9.78508064516129,21.6,7.40241935483871,18.6,3.8478494623655917,10.7,0.9189516129032259,2.9,86.9247311827957,144.0,112.33602150537635,162.0,Open-Meteo Air Quality API (CAMS Europe reanalysis)
110200000110269235,Izola,45.51343694995297,13.65846317225076,2022-07,12.413575268817205,45.3,9.09744623655914,36.4,8.611424731182796,27.9,2.869220430107527,8.2,87.9986559139785,159.0,139.1290322580645,240.0,Open-Meteo Air Quality API (CAMS Europe reanalysis)
110200000110269318,Juršinci,46.48557713060335,15.97301538891589,2022-07,10.185349462365592,24.0,7.220161290322581,16.9,3.3041666666666667,10.9,0.8380376344086021,2.9,91.1989247311828,145.0,107.25268817204301,169.0,Open-Meteo Air Quality API (CAMS Europe reanalysis)
110200000110269409,Kanal,46.08369577131573,13.652303079469805,2022-07,10.530376344086022,38.8,7.643145161290323,29.7,3.3329301075268813,10.9,0.7364247311827957,2.8,90.3010752688172,161.0,123.33870967741936,287.0,Open-Meteo Air Quality API (CAMS Europe reanalysis)
110200000110269581,Kobarid,46.25157564358165,13.555441714106834,2022-07,9.295698924731182,28.4,6.616935483870968,20.5,1.9314516129032258,4.4,0.5181451612903226,2.0,84.41129032258064,149.0,115.04032258064517,161.0,Open-Meteo Air Quality API (CAMS Europe reanalysis)
110200000110269664,Kočevje,45.61839972566645,14.90290611198111,2022-07,8.736693548387096,21.9,6.84502688172043,15.9,1.837231182795699,4.2,1.0033602150537635,3.6,85.56854838709677,137.0,109.31989247311827,163.0,Open-Meteo Air Quality API (CAMS Europe reanalysis)
110200000110269748,Kozje,46.07190221412847,15.549511067457294,2022-07,9.631586021505376,21.0,6.995698924731183,17.0,2.5473118279569893,7.0,1.0477150537634408,3.8,89.15322580645162,144.0,112.52822580645162,158.0,Open-Meteo Air Quality API (CAMS Europe reanalysis)
110200000110269821,Krško,45.955947659530885,15.463019202551036,2022-07,9.433736559139785,19.6,7.037903225806452,16.8,3.190456989247312,8.2,0.9405913978494623,3.9,87.14784946236558,149.0,111.72849462365592,159.0,Open-Meteo Air Quality API (CAMS Europe reanalysis)
110200000110270084,Kungota,46.64535581007932,15.601203475540455,2022-07,10.612096774193548,28.3,7.394758064516129,18.7,4.16505376344086,13.0,0.7622311827956989,2.1,91.64784946236558,143.0,107.94086021505376,170.0,Open-Meteo Air Quality API (CAMS Europe reanalysis)
110200000110270167,Lenart,46.55778311730907,15.818727808313513,2022-07,10.495833333333334,26.7,7.380376344086022,18.1,3.6868279569892475,10.6,0.7655913978494624,2.6,92.09811827956989,144.0,106.4986559139785,176.0,Open-Meteo Air Quality API (CAMS Europe reanalysis)
110200000110270241,Litija,46.05631926737182,14.919618791739909,2022-07,9.926209677419354,21.7,7.333333333333333,17.7,2.695698924731183,6.8,1.0079301075268816,3.2,88.63978494623656,138.0,110.31854838709677,167.0,Open-Meteo Air Quality API (CAMS Europe reanalysis)
110200000110270324,Ljubno,46.370433507037475,14.84401461414661,2022-07,9.882930107526882,22.0,7.063440860215054,17.1,2.104435483870968,4.4,0.878763440860215,2.8,88.30510752688173,134.0,106.6975806451613,156.0,Open-Meteo Air Quality API (CAMS Europe reanalysis)
110200000110270597,Logatec,45.92881489341058,14.192808707458974,2022-07,10.475,40.4,7.75255376344086,34.4,2.8938172043010755,7.4,0.8845430107526882,3.5,88.46370967741936,154.0,117.56048387096774,226.0,Open-Meteo Air Quality API (CAMS Europe reanalysis)
110200000110270670,Loški Potok,45.66375333317987,14.640782815714338,2022-07,8.563440860215053,21.6,6.6375,19.0,1.438709677419355,3.4,1.0698924731182795,3.8,88.69489247311827,129.0,108.30913978494624,157.0,Open-Meteo Air Quality API (CAMS Europe reanalysis)
110200000110270753,Luče,46.355674240193665,14.727377972076162,2022-07,9.549327956989247,21.6,6.831586021505376,16.7,1.7961021505376344,4.4,0.7870967741935484,2.4,88.59543010752688,137.0,105.3508064516129,155.0,Open-Meteo Air Quality API (CAMS Europe reanalysis)
110200000110270837,Majšperk,46.32442028844469,15.739503810807708,2022-07,10.358333333333334,24.4,7.415725806451613,16.9,3.733736559139785,9.3,1.5,4.3,90.60349462365592,144.0,115.68817204301075,171.0,Open-Meteo Air Quality API (CAMS Europe reanalysis)
110200000110270910,Mengeš,46.15962811286216,14.557612124730449,2022-07,11.828897849462367,32.2,8.769489247311828,24.8,4.395161290322581,11.3,1.12002688172043,3.2,85.90591397849462,147.0,116.79704301075269,186.0,Open-Meteo Air Quality API (CAMS Europe reanalysis)
110200000110271058,Mežica,46.51874470843461,14.857536769970642,2022-07,10.676075268817204,24.6,7.398924731182796,17.6,2.755779569892473,6.1,0.6698924731182795,2.1,83.88575268817205,136.0,108.31586021505376,148.0,Open-Meteo Air Quality API (CAMS Europe reanalysis)
110200000110271132,Mislinja,46.4469540363917,15.219922444386077,2022-07,9.786155913978494,22.1,6.96989247311828,17.8,2.3391129032258062,5.3,0.8076612903225806,3.1,90.72849462365592,133.0,106.54569892473118,151.0,Open-Meteo Air Quality API (CAMS Europe reanalysis)
110200000110271215,Moravče,46.13446899939499,14.757622247547802,2022-07,10.313037634408602,24.8,7.496236559139785,19.2,2.7309139784946237,8.6,0.9376344086021505,2.8,87.72983870967742,136.0,110.26209677419355,167.0,Open-Meteo Air Quality API (CAMS Europe reanalysis)
110200000110271306,Moravske Toplice,46.70933995777893,16.270198718221973,2022-07,9.99287634408602,25.9,6.906854838709677,19.1,2.5975806451612904,7.8,0.7237903225806451,2.3,88.03629032258064,144.0,97.74059139784946,153.0,Open-Meteo Air Quality API (CAMS Europe reanalysis)
110200000110271488,Murska Sobota,46.64843167307431,16.15475414068897,2022-07,10.276612903225807,24.8,7.225403225806452,18.0,3.1634408602150534,8.9,0.7178763440860215,2.3,89.06182795698925,142.0,101.08333333333333,156.0,Open-Meteo Air Quality API (CAMS Europe reanalysis)
110200000110271561,Nova Gorica,45.98051380768368,13.740607535277809,2022-07,11.008333333333333,49.6,8.122849462365592,39.4,2.6838709677419352,10.1,0.8744623655913979,4.4,91.82123655913979,172.0,124.79301075268818,488.0,Open-Meteo Air Quality API (CAMS Europe reanalysis)
110200000110271645,Odranci,46.58601864704079,16.27127754015367,2022-07,10.092338709677419,24.3,7.234811827956989,18.1,2.738172043010753,8.0,0.8439516129032257,2.8,88.46639784946237,144.0,101.98655913978494,160.0,Open-Meteo Air Quality API (CAMS Europe reanalysis)
110200000110271728,Ormož,46.437666822013576,16.151456493182163,2022-07,10.106451612903225,24.5,7.255645161290323,17.4,2.806720430107527,7.2,0.8489247311827958,2.8,90.5497311827957,145.0,104.77688172043011,162.0,Open-Meteo Air Quality API (CAMS Europe reanalysis)
110200000110271991,Pesnica,46.619620178756264,15.709857011321745,2022-07,10.599462365591398,27.5,7.353763440860215,18.8,3.801209677419355,10.8,0.7311827956989247,2.1,91.875,144.0,106.1263440860215,172.0,Open-Meteo Air Quality API (CAMS Europe reanalysis)
110200000110272023,Podčetrtek,46.14331636487087,15.58577941358537,2022-07,9.979569892473119,23.2,7.142607526881721,16.6,2.877956989247312,6.6,1.1744623655913977,3.5,88.9489247311828,139.0,114.40725806451613,159.0,Open-Meteo Air Quality API (CAMS Europe reanalysis)
110200000110272296,Postojna,45.78952757943016,14.16987120368885,2022-07,9.545698924731182,36.9,7.191129032258064,28.8,2.249059139784946,7.2,0.9740591397849463,3.9,88.6975806451613,167.0,115.20833333333333,207.0,Open-Meteo Air Quality API (CAMS Europe reanalysis)
110200000110272379,Preddvor,46.324168508189274,14.464919834369788,2022-07,9.845698924731183,28.4,7.02258064516129,20.3,2.4331989247311827,7.2,0.7256720430107526,2.5,87.33870967741936,137.0,107.86424731182795,175.0,Open-Meteo Air Quality API (CAMS Europe reanalysis)
110200000110272452,Rače-Fram,46.44876817721521,15.645622472577172,2022-07,10.650537634408602,24.8,7.598655913978494,16.8,4.454166666666667,12.1,0.9860215053763441,2.8,92.09139784946237,143.0,111.22446236559139,164.0,Open-Meteo Air Quality API (CAMS Europe reanalysis)
110200000110272536,Radenci,46.6200027283478,16.04424426700407,2022-07,10.38239247311828,25.5,7.208736559139785,17.9,3.1748655913978494,8.6,0.6771505376344086,2.0,90.39247311827957,145.0,102.15591397849462,161.0,Open-Meteo Air Quality API (CAMS Europe reanalysis)
110200000110272619,Radlje ob Dravi,46.60371175153423,15.243586341762528,2022-07,10.325537634408603,23.8,7.110349462365592,16.5,2.92002688172043,5.7,0.6670698924731183,2.4,87.14784946236558,135.0,107.78091397849462,161.0,Open-Meteo Air Quality API (CAMS Europe reanalysis)
110200000110272700,Radovljica,46.337937118639864,14.202370592444195,2022-07,10.381586021505376,32.0,7.307123655913978,21.6,3.144220430107527,8.8,0.6720430107526881,2.2,87.05645161290323,151.0,112.38172043010752,169.0,Open-Meteo Air Quality API (CAMS Europe reanalysis)
110200000110272882,Ravne na Koroškem,46.54582078166717,14.961110683058443,2022-07,10.918817204301076,24.4,7.572715053763441,17.5,2.956720430107527,6.8,0.7439516129032258,2.5,84.00940860215054,135.0,109.20967741935483,157.0,Open-Meteo Air Quality API (CAMS Europe reanalysis)
110200000110272965,Ribnica,45.73271790240564,14.718003896092725,2022-07,8.890456989247312,21.6,6.854838709677419,19.2,2.0749999999999997,4.8,0.967741935483871,2.9,87.02284946236558,132.0,110.01881720430107,165.0,Open-Meteo Air Quality API (CAMS Europe reanalysis)
110200000110273005,Rogatec,46.23857691911753,15.742064231340066,2022-07,10.176209677419354,23.4,7.231989247311828,17.5,3.3561827956989245,8.5,1.2934139784946237,3.9,89.39381720430107,139.0,114.1236559139785,163.0,Open-Meteo Air Quality API (CAMS Europe reanalysis)
110200000110273187,Rogašovci,46.79957722552739,16.026030401501462,2022-07,10.488306451612903,29.2,7.097715053763441,20.1,3.0966397849462366,8.0,0.640994623655914,2.0,89.52553763440861,142.0,100.11693548387096,152.0,Open-Meteo Air Quality API (CAMS Europe reanalysis)
110200000110273260,Rogaška Slatina,46.24784835714146,15.628435793521666,2022-07,10.294086021505377,23.8,7.301075268817204,17.0,3.440188172043011,8.8,1.2161290322580645,3.0,89.35349462365592,140.0,115.55779569892474,159.0,Open-Meteo Air Quality API (CAMS Europe reanalysis)
110200000110273344,Ruše,46.51658267035885,15.487139170174755,2022-07,9.772177419354838,24.0,6.804435483870968,16.6,2.6763440860215053,5.5,0.7626344086021505,2.2,93.06720430107526,137.0,106.40188172043011,146.0,Open-Meteo Air Quality API (CAMS Europe reanalysis)
110200000110273427,Semič,45.65165971768275,15.144322520340866,2022-07,8.946505376344085,20.7,6.980779569892473,15.2,2.1595430107526883,4.8,0.9673387096774194,3.8,85.58467741935483,143.0,110.66129032258064,159.0,Open-Meteo Air Quality API (CAMS Europe reanalysis)
110200000110273690,Sevnica,46.01018414606431,15.26888404122511,2022-07,9.511559139784946,20.8,7.033602150537634,17.9,2.3870967741935485,5.7,0.9530913978494624,3.2,89.52016129032258,143.0,110.60483870967742,168.0,Open-Meteo Air Quality API (CAMS Europe reanalysis)
110200000110273773,Sežana,45.73622118264376,13.881633598793394,2022-07,10.595698924731183,40.9,7.970564516129032,32.6,3.0920698924731185,11.6,1.346774193548387,5.1,89.97983870967742,156.0,123.25403225806451,224.0,Open-Meteo Air Quality API (CAMS Europe reanalysis)
110200000110273856,Slovenj Gradec,46.48941433778344,15.07872395032291,2022-07,10.783333333333333,24.3,7.662634408602151,16.5,2.831989247311828,7.3,1.0793010752688172,4.0,87.14650537634408,140.0,108.39784946236558,162.0,Open-Meteo Air Quality API (CAMS Europe reanalysis)
110200000110273930,Slovenska Bistrica,46.414024197397445,15.533710948344073,2022-07,10.074059139784946,23.1,7.162231182795699,16.8,3.4486559139784947,6.9,0.8403225806451613,2.3,92.80510752688173,137.0,107.69354838709677,156.0,Open-Meteo Air Quality API (CAMS Europe reanalysis)
110200000110274078,Slovenske Konjice,46.32267167460875,15.46120534351793,2022-07,10.035483870967742,22.3,7.18991935483871,16.9,3.2163978494623655,7.4,0.8987903225806452,2.4,90.61559139784946,135.0,108.71102150537635,155.0,Open-Meteo Air Quality API (CAMS Europe reanalysis)
110200000110274151,Starše,46.45791876573788,15.75539228357343,2022-07,10.582930107526881,25.2,7.58252688172043,17.2,4.28494623655914,12.9,1.0901881720430109,3.5,91.19489247311827,143.0,110.64381720430107,185.0,Open-Meteo Air Quality API (CAMS Europe reanalysis)
110200000110274235,Sveti Jurij ob Ščavnici,46.56481618746639,16.02454761841089,2022-07,10.174327956989247,24.2,7.17755376344086,16.8,3.1561827956989243,8.3,0.7385752688172043,2.2,91.00806451612904,145.0,103.81317204301075,160.0,Open-Meteo Air Quality API (CAMS Europe reanalysis)
110200000110274318,Šenčur,46.23521989991275,14.42605355640509,2022-07,11.015456989247312,32.0,7.967876344086022,24.4,4.243817204301076,11.3,0.889247311827957,3.2,87.06182795698925,147.0,114.76747311827957,187.0,Open-Meteo Air Quality API (CAMS Europe reanalysis)
110200000110274409,Šentilj,46.675835988536605,15.716045093152744,2022-07,10.599462365591398,27.5,7.353763440860215,18.8,3.801209677419355,10.8,0.7311827956989247,2.1,91.875,144.0,106.1263440860215,172.0,Open-Meteo Air Quality API (CAMS Europe reanalysis)
110200000110274581,Šentjernej,45.82652172990129,15.332514729058953,2022-07,9.141263440860216,19.7,6.927284946236559,16.1,2.662231182795699,6.0,0.9201612903225806,3.9,86.5497311827957,147.0,110.8010752688172,161.0,Open-Meteo Air Quality API (CAMS Europe reanalysis)
110200000110274664,Šentjur,46.189703788534295,15.424153364108916,2022-07,9.841129032258065,21.9,7.174059139784946,16.0,2.860752688172043,6.5,1.0463709677419355,3.4,89.01075268817205,137.0,111.95967741935483,159.0,Open-Meteo Air Quality API (CAMS Europe reanalysis)
110200000110274748,Škocjan,45.916702186196574,15.298344210671821,2022-07,9.366397849462366,19.3,7.002822580645161,18.6,2.5392473118279573,6.9,0.9047043010752689,3.5,88.16129032258064,149.0,110.90591397849462,161.0,Open-Meteo Air Quality API (CAMS Europe reanalysis)
110200000110274821,Škofja Loka,46.16120373665313,14.276237221890783,2022-07,10.911962365591398,35.3,7.845698924731183,27.5,3.790456989247312,10.2,0.9182795698924732,2.9,87.7258064516129,161.0,116.50672043010752,230.0,Open-Meteo Air Quality API (CAMS Europe reanalysis)
110200000110275042,Škofljica,45.96577687500686,14.573588689167234,2022-07,10.373387096774193,33.6,7.832661290322581,27.5,4.112903225806452,10.8,1.003494623655914,2.8,87.18145161290323,138.0,115.44489247311827,177.0,Open-Meteo Air Quality API (CAMS Europe reanalysis)
110200000110275125,Šmarje pri Jelšah,46.2149334791634,15.519926182546651,2022-07,10.27486559139785,23.3,7.347849462365591,16.8,3.5083333333333333,8.4,1.140725806451613,3.0,89.24731182795699,137.0,114.15053763440861,162.0,Open-Meteo Air Quality API (CAMS Europe reanalysis)
110200000110275398,Šmartno ob Paki,46.34031532528069,15.030597704483062,2022-07,11.175806451612901,24.2,8.014381720430107,18.0,3.4993279569892475,7.9,1.3313172043010753,4.2,86.9475806451613,140.0,110.80376344086021,164.0,Open-Meteo Air Quality API (CAMS Europe reanalysis)
110200000110275471,Šoštanj,46.4061318407346,15.004949181959079,2022-07,10.783333333333333,24.3,7.662634408602151,16.5,2.831989247311828,7.3,1.0793010752688172,4.0,87.14650537634408,140.0,108.39784946236558,162.0,Open-Meteo Air Quality API (CAMS Europe reanalysis)
110200000110275554,Štore,46.19847898685848,15.322827658923908,2022-07,9.88763440860215,21.3,7.261021505376344,16.3,2.8841397849462367,6.8,1.0168010752688172,3.0,88.93279569892474,137.0,110.84946236559139,156.0,Open-Meteo Air Quality API (CAMS Europe reanalysis)
110200000110275638,Tolmin,46.16986594367381,13.80883632036324,2022-07,9.677956989247312,29.6,6.91760752688172,23.0,2.0198924731182797,6.5,0.6588709677419354,2.7,87.77688172043011,155.0,115.37231182795699,311.0,Open-Meteo Air Quality API (CAMS Europe reanalysis)
110200000110275711,Trbovlje,46.14127469579474,15.049934165474129,2022-07,10.53225806451613,22.1,7.648521505376344,17.5,3.275806451612903,7.2,1.1452956989247312,3.3,87.60215053763442,135.0,111.3225806451613,167.0,Open-Meteo Air Quality API (CAMS Europe reanalysis)
110200000110275802,Trebnje,45.90601876131567,14.973861505253861,2022-07,9.654301075268817,21.2,7.288440860215054,18.2,3.3376344086021503,9.2,0.9295698924731183,3.0,87.29704301075269,146.0,111.27284946236558,162.0,Open-Meteo Air Quality API (CAMS Europe reanalysis)
110200000110275984,Tržič,46.38850776249364,14.330754786293937,2022-07,10.222983870967742,32.1,7.273252688172043,22.8,2.7559139784946236,8.3,0.715994623655914,2.7,87.7486559139785,149.0,110.23521505376344,168.0,Open-Meteo Air Quality API (CAMS Europe reanalysis)
110200000110276016,Turnišče,46.61607506329695,16.313474305055546,2022-07,9.93481182795699,24.8,7.037634408602151,18.7,2.499462365591398,7.3,0.9040322580645161,2.8,86.48924731182795,142.0,98.83333333333333,165.0,Open-Meteo Air Quality API (CAMS Europe reanalysis)
110200000110276107,Velenje,46.36900243542349,15.132660387203087,2022-07,10.693279569892473,23.4,7.709543010752688,16.4,3.1725806451612906,7.9,1.1486559139784946,3.7,88.15053763440861,141.0,109.9502688172043,161.0,Open-Meteo Air Quality API (CAMS Europe reanalysis)
110200000110276289,Velike Lašče,45.843133267352464,14.587136349874557,2022-07,9.246370967741935,31.2,7.023387096774193,26.6,2.494489247311828,5.7,0.9211021505376343,2.9,88.26881720430107,140.0,111.49327956989248,169.0,Open-Meteo Air Quality API (CAMS Europe reanalysis)
110200000110276362,Vipava,45.8218835996504,13.984854515260018,2022-07,10.441935483870967,44.1,7.801478494623656,33.5,2.475,10.0,0.9172043010752687,4.2,89.23790322580645,163.0,119.41397849462365,315.0,Open-Meteo Air Quality API (CAMS Europe reanalysis)
110200000110276446,Vodice,46.171180156806166,14.493130835883107,2022-07,11.925,35.3,8.77997311827957,27.8,5.224059139784946,13.6,1.1076612903225806,3.6,85.01612903225806,147.0,118.57123655913979,211.0,Open-Meteo Air Quality API (CAMS Europe reanalysis)
110200000110276529,Vrhnika,45.95917785803783,14.294818787876194,2022-07,10.489516129032257,39.1,7.873252688172043,34.1,3.3966397849462364,8.9,0.922983870967742,3.1,87.33198924731182,157.0,117.8225806451613,217.0,Open-Meteo Air Quality API (CAMS Europe reanalysis)
110200000110276792,Zagorje ob Savi,46.13377747087049,14.951572915206018,2022-07,10.483736559139784,22.9,7.58508064516129,17.2,3.0243279569892474,7.2,1.1076612903225806,3.1,87.43817204301075,134.0,110.38709677419355,169.0,Open-Meteo Air Quality API (CAMS Europe reanalysis)
110200000110276875,Zreče,46.40012547375306,15.366445970488787,2022-07,9.45766129032258,21.7,6.738844086021505,16.9,2.2565860215053766,5.0,0.797983870967742,2.7,92.32930107526882,135.0,104.93010752688173,147.0,Open-Meteo Air Quality API (CAMS Europe reanalysis)
110200000110276958,Žiri,46.046386024286065,14.115362124923433,2022-07,10.546639784946237,41.9,7.649462365591398,34.0,2.9818548387096775,8.3,0.8528225806451613,3.5,88.61827956989248,163.0,117.40188172043011,237.0,Open-Meteo Air Quality API (CAMS Europe reanalysis)
110200000110277097,Hrpelje-Kozina,45.56950408566786,14.008712072472722,2022-07,9.265591397849462,30.0,6.944623655913979,26.0,1.7740591397849463,7.0,1.1279569892473118,3.5,90.47311827956989,149.0,115.52956989247312,228.0,Open-Meteo Air Quality API (CAMS Europe reanalysis)
110200000110277170,Ilirska Bistrica,45.56636127392215,14.286317739317925,2022-07,8.930241935483872,31.9,6.709677419354839,24.7,1.5243279569892472,5.1,1.198252688172043,4.6,90.13575268817205,150.0,113.38306451612904,209.0,Open-Meteo Air Quality API (CAMS Europe reanalysis)
110200000110277253,Jesenice,46.44923043788821,14.072103210403128,2022-07,9.972983870967742,24.8,7.021908602150538,20.8,3.0116935483870964,7.9,0.6262096774193548,1.8,83.61155913978494,140.0,118.75672043010752,159.0,Open-Meteo Air Quality API (CAMS Europe reanalysis)
110200000110277337,Kamnik,46.25705690667144,14.676956894112466,2022-07,10.282930107526882,27.1,7.390456989247312,20.9,2.3814516129032257,6.6,0.8545698924731182,2.7,88.38844086021506,137.0,108.77956989247312,162.0,Open-Meteo Air Quality API (CAMS Europe reanalysis)
110200000110277410,Kidričevo,46.39512067567938,15.749842219915816,2022-07,10.358333333333334,24.4,7.415725806451613,16.9,3.733736559139785,9.3,1.5,4.3,90.60349462365592,144.0,115.68817204301075,171.0,Open-Meteo Air Quality API (CAMS Europe reanalysis)
110200000110277501,Kobilje,46.680868272362396,16.390975345783723,2022-07,9.93481182795699,24.8,7.037634408602151,18.7,2.499462365591398,7.3,0.9040322580645161,2.8,86.48924731182795,142.0,98.83333333333333,165.0,Open-Meteo Air Quality API (CAMS Europe reanalysis)
110200000110277683,Komen,45.81496182349289,13.75432613404871,2022-07,11.618279569892474,61.3,8.803629032258064,51.5,3.0036290322580643,11.1,0.9913978494623656,5.0,90.10752688172043,169.0,127.35215053763442,440.0,Open-Meteo Air Quality API (CAMS Europe reanalysis)
110200000110277766,Koper,45.5096944458963,13.838120076992542,2022-07,10.75,35.0,8.004704301075268,28.1,4.204435483870967,19.4,1.93252688172043,5.6,90.60483870967742,157.0,125.68682795698925,218.0,Open-Meteo Air Quality API (CAMS Europe reanalysis)
110200000110277840,Kranj,46.254993273277414,14.334088506086342,2022-07,11.308064516129033,32.8,8.128494623655914,25.2,4.654032258064516,12.0,0.9413978494623656,2.9,86.51747311827957,152.0,116.90456989247312,209.0,Open-Meteo Air Quality API (CAMS Europe reanalysis)
110200000110277923,Kranjska Gora,46.46049479550761,13.846117809224388,2022-07,9.272580645161291,22.4,6.505645161290323,19.1,2.199193548387097,5.3,0.49919354838709673,1.5,84.15322580645162,136.0,108.84946236559139,153.0,Open-Meteo Air Quality API (CAMS Europe reanalysis)
110200000110278061,Kuzma,46.84047841156636,16.094795471686275,2022-07,10.495967741935484,31.2,7.009274193548387,20.1,3.1678763440860216,7.6,0.6469086021505377,1.9,87.33467741935483,143.0,99.20430107526882,151.0,Open-Meteo Air Quality API (CAMS Europe reanalysis)
110200000110278145,Laško,46.13266139268955,15.257924822930255,2022-07,10.04018817204301,20.9,7.363306451612903,16.7,2.970967741935484,6.7,1.0458333333333334,2.8,88.35349462365592,136.0,111.09274193548387,158.0,Open-Meteo Air Quality API (CAMS Europe reanalysis)
110200000110278228,Lendava,46.55682783284736,16.444887914389444,2022-07,10.16975806451613,25.3,7.315188172043011,18.5,2.5641129032258063,6.8,1.5153225806451613,4.3,85.90188172043011,142.0,100.83602150537635,165.0,Open-Meteo Air Quality API (CAMS Europe reanalysis)
110200000110278491,Ljubljana,46.05428548607981,14.562913832613612,2022-07,11.97513440860215,33.7,8.99018817204301,27.3,5.797849462365592,16.0,1.3709677419354838,3.3,84.87903225806451,144.0,119.87231182795699,195.0,Open-Meteo Air Quality API (CAMS Europe reanalysis)
110200000110278574,Ljutomer,46.52107744948363,16.156997420844693,2022-07,10.162768817204302,24.6,7.250268817204301,17.0,3.0829301075268813,7.6,0.7869623655913979,2.6,89.69354838709677,143.0,102.88440860215054,164.0,Open-Meteo Air Quality API (CAMS Europe reanalysis)
110200000110278657,Loška dolina,45.66842246188205,14.483577095891093,2022-07,8.493413978494624,24.0,6.505913978494624,20.2,1.3223118279569892,2.9,1.062768817204301,4.1,89.99327956989248,138.0,108.72849462365592,211.0,Open-Meteo Air Quality API (CAMS Europe reanalysis)
110200000110278731,Lukovica,46.17964485154794,14.767494808495718,2022-07,10.313037634408602,24.8,7.496236559139785,19.2,2.7309139784946237,8.6,0.9376344086021505,2.8,87.72983870967742,136.0,110.26209677419355,167.0,Open-Meteo Air Quality API (CAMS Europe reanalysis)
110200000110278814,Maribor,46.563450531006175,15.627286947329692,2022-07,11.038172043010752,27.2,7.83239247311828,19.4,4.940188172043011,14.8,0.9668010752688171,2.5,91.66935483870968,144.0,111.20161290322581,172.0,Open-Meteo Air Quality API (CAMS Europe reanalysis)
110200000110278905,Medvode,46.13101401708545,14.400438918740043,2022-07,11.925,35.3,8.77997311827957,27.8,5.224059139784946,13.6,1.1076612903225806,3.6,85.01612903225806,147.0,118.57123655913979,211.0,Open-Meteo Air Quality API (CAMS Europe reanalysis)
110200000110279036,Metlika,45.65620284344529,15.296668997195122,2022-07,8.952688172043011,20.6,6.964516129032258,15.0,2.31747311827957,5.0,0.9698924731182796,4.2,85.76747311827957,143.0,111.375,159.0,Open-Meteo Air Quality API (CAMS Europe reanalysis)
110200000110279119,Miren-Kostanjevica,45.85218991177265,13.638100696879881,2022-07,12.940322580645162,66.3,9.702956989247312,68.0,4.066532258064516,14.1,1.1850806451612903,6.0,89.33198924731182,162.0,135.7311827956989,663.0,Open-Meteo Air Quality API (CAMS Europe reanalysis)
110200000110279200,Mozirje,46.36049794641173,14.955420895151734,2022-07,10.603091397849463,22.2,7.548521505376344,18.5,2.7577956989247316,6.4,1.1692204301075269,3.6,87.35752688172043,136.0,108.4502688172043,156.0,Open-Meteo Air Quality API (CAMS Europe reanalysis)
110200000110279382,Muta,46.627471037698314,15.13492391777278,2022-07,10.461021505376344,23.3,7.175537634408602,16.5,2.753763440860215,5.7,0.6536290322580646,2.4,86.12096774193549,133.0,106.96102150537635,159.0,Open-Meteo Air Quality API (CAMS Europe reanalysis)
110200000110279465,Naklo,46.291653920695296,14.296418057670525,2022-07,10.789516129032258,30.7,7.682795698924731,22.4,3.713306451612903,10.1,0.7700268817204301,2.6,87.12903225806451,155.0,114.74059139784946,182.0,Open-Meteo Air Quality API (CAMS Europe reanalysis)
110200000110279549,Nazarje,46.28266259661455,14.913027585139268,2022-07,10.645698924731182,22.2,7.599731182795699,17.8,3.2298387096774195,7.0,1.165994623655914,3.5,87.07123655913979,133.0,109.36962365591398,164.0,Open-Meteo Air Quality API (CAMS Europe reanalysis)
110200000110279622,Novo mesto,45.780781189904616,15.19381925363458,2022-07,9.176075268817204,21.6,7.085483870967742,17.3,2.8451612903225807,7.7,0.944489247311828,3.7,85.39247311827957,145.0,111.73521505376344,162.0,Open-Meteo Air Quality API (CAMS Europe reanalysis)
110200000110279895,Osilnica,45.54725742382972,14.731997646303205,2022-07,8.6875,20.9,6.764247311827957,18.4,1.3370967741935482,3.3,1.2271505376344085,4.2,86.62231182795699,128.0,109.29032258064517,159.0,Open-Meteo Air Quality API (CAMS Europe reanalysis)
110200000110279978,Piran,45.487835508769166,13.634383812126945,2022-07,11.918682795698924,42.3,8.637096774193548,35.1,5.794220430107527,19.8,1.9916666666666667,5.6,88.43817204301075,156.0,130.68010752688173,228.0,Open-Meteo Air Quality API (CAMS Europe reanalysis)
110200000110280042,Pivka,45.681663759421475,14.23565313019914,2022-07,8.9625,34.3,6.775,26.1,1.6795698924731182,4.5,1.040725806451613,3.9,89.8239247311828,149.0,113.1975806451613,216.0,Open-Meteo Air Quality API (CAMS Europe reanalysis)
110200000110280125,Podvelka,46.59499950529498,15.359302298815226,2022-07,9.760618279569892,23.3,6.799462365591398,16.5,2.475268817204301,5.3,0.7388440860215054,2.4,91.89516129032258,135.0,106.125,144.0,Open-Meteo Air Quality API (CAMS Europe reanalysis)
110200000110280398,Ptuj,46.441900161176505,15.874166174986208,2022-07,10.419489247311828,24.2,7.426612903225806,16.9,3.9211021505376347,11.4,0.9641129032258063,3.1,90.96370967741936,142.0,109.89650537634408,180.0,Open-Meteo Air Quality API (CAMS Europe reanalysis)
110200000110280471,Puconci,46.74449343007199,16.133835028422734,2022-07,10.23239247311828,27.0,7.021102150537634,19.4,2.8559139784946237,7.8,0.6705645161290322,2.1,88.7513440860215,144.0,98.73387096774194,152.0,Open-Meteo Air Quality API (CAMS Europe reanalysis)
110200000110280554,Radeče,46.059793910294445,15.144189860067643,2022-07,9.618682795698925,21.4,7.133467741935484,18.0,2.4306451612903226,6.1,0.9619623655913979,3.1,88.97715053763442,138.0,110.29704301075269,163.0,Open-Meteo Air Quality API (CAMS Europe reanalysis)
110200000110280638,Videm,46.347000569281995,15.892895107706597,2022-07,10.196774193548386,23.3,7.279435483870968,17.6,3.6676075268817203,9.9,1.1868279569892473,4.0,89.97311827956989,143.0,111.77150537634408,171.0,Open-Meteo Air Quality API (CAMS Europe reanalysis)
110200000110280711,Vitanje,46.40230386245742,15.293484444961107,2022-07,9.786155913978494,22.1,6.96989247311828,17.8,2.3391129032258062,5.3,0.8076612903225806,3.1,90.72849462365592,133.0,106.54569892473118,151.0,Open-Meteo Air Quality API (CAMS Europe reanalysis)
110200000110280802,Vojnik,46.31834997427496,15.308262838739113,2022-07,9.940994623655914,21.6,7.169758064516129,16.6,2.786021505376344,6.4,0.8969086021505376,3.0,90.69489247311827,136.0,107.61424731182795,154.0,Open-Meteo Air Quality API (CAMS Europe reanalysis)
110200000110280984,Vuzenica,46.56838698760357,15.15986291327685,2022-07,10.543682795698924,24.1,7.359543010752688,17.2,2.713709677419355,6.3,0.7348118279569893,2.8,86.89112903225806,134.0,107.68279569892474,160.0,Open-Meteo Air Quality API (CAMS Europe reanalysis)
110200000110281016,Zavrč,46.36154619626804,16.04610296004838,2022-07,10.011693548387097,23.8,7.124193548387097,17.5,2.6701612903225804,8.0,0.8573924731182795,3.1,89.9489247311828,143.0,106.78897849462365,157.0,Open-Meteo Air Quality API (CAMS Europe reanalysis)
110200000110281289,Železniki,46.21874107572864,14.11034433893372,2022-07,10.200537634408603,28.8,7.234811827956989,22.1,2.9004032258064516,7.5,0.6747311827956989,2.6,87.14247311827957,156.0,112.90591397849462,170.0,Open-Meteo Air Quality API (CAMS Europe reanalysis)
110200000214276243,Benedikt,46.617309751069,15.890979862194015,2022-07,10.500672043010752,27.5,7.235215053763441,19.3,3.440188172043011,9.3,0.680241935483871,2.2,92.13440860215054,144.0,104.16801075268818,167.0,Open-Meteo Air Quality API (CAMS Europe reanalysis)
110200000214276326,Bistrica ob Sotli,46.058611847989816,15.646855250189235,2022-07,9.852150537634408,21.5,7.099059139784946,16.7,2.6698924731182796,7.4,1.0418010752688172,3.9,88.18010752688173,145.0,113.02822580645162,167.0,Open-Meteo Air Quality API (CAMS Europe reanalysis)
110200000214276599,Bloke,45.783893813596535,14.510284169989351,2022-07,8.761155913978495,23.2,6.69005376344086,20.0,1.7938172043010752,4.4,0.9713709677419355,3.5,88.625,139.0,109.63306451612904,165.0,Open-Meteo Air Quality API (CAMS Europe reanalysis)
110200000214276672,Braslovče,46.28234290467849,15.025588775462493,2022-07,11.01518817204301,24.6,7.947043010752688,19.1,3.7223118279569896,10.0,1.253494623655914,3.5,86.20833333333333,137.0,110.98521505376344,158.0,Open-Meteo Air Quality API (CAMS Europe reanalysis)
110200000214276755,Cankova,46.73564163855631,16.025032322496315,2022-07,10.488306451612903,29.2,7.097715053763441,20.1,3.0966397849462366,8.0,0.640994623655914,2.0,89.52553763440861,142.0,100.11693548387096,152.0,Open-Meteo Air Quality API (CAMS Europe reanalysis)
110200000214276839,Cerkvenjak,46.5609664162811,15.942543267198115,2022-07,10.297177419354838,24.9,7.234005376344086,17.3,3.4018817204301075,8.6,0.7385752688172043,2.5,91.9260752688172,147.0,105.19220430107526,165.0,Open-Meteo Air Quality API (CAMS Europe reanalysis)
110200000214276912,Dobje,46.13254322952952,15.397106563315525,2022-07,9.88763440860215,21.3,7.261021505376344,16.3,2.8841397849462367,6.8,1.0168010752688172,3.0,88.93279569892474,137.0,110.84946236559139,156.0,Open-Meteo Air Quality API (CAMS Europe reanalysis)
110200000214277050,Dobrna,46.35630424675954,15.223636898879386,2022-07,10.168413978494623,21.9,7.309005376344086,16.2,2.7301075268817203,6.3,0.9399193548387096,3.2,89.82930107526882,138.0,108.15725806451613,156.0,Open-Meteo Air Quality API (CAMS Europe reanalysis)
110200000214277134,Dobrovnik,46.650957737637924,16.346928867161346,2022-07,9.93481182795699,24.8,7.037634408602151,18.7,2.499462365591398,7.3,0.9040322580645161,2.8,86.48924731182795,142.0,98.83333333333333,165.0,Open-Meteo Air Quality API (CAMS Europe reanalysis)
110200000214277217,Dolenjske Toplice,45.72435420879087,15.033042262484594,2022-07,9.071639784946237,21.7,7.018145161290323,17.0,2.598521505376344,6.6,0.941263440860215,3.7,85.57930107526882,138.0,110.75268817204301,159.0,Open-Meteo Air Quality API (CAMS Europe reanalysis)
110200000214277308,Grad,46.79435295691267,16.094940352340814,2022-07,10.488306451612903,29.2,7.097715053763441,20.1,3.0966397849462366,8.0,0.640994623655914,2.0,89.52553763440861,142.0,100.11693548387096,152.0,Open-Meteo Air Quality API (CAMS Europe reanalysis)
110200000214277480,Hajdina,46.42016556237607,15.825769177032852,2022-07,10.419489247311828,24.2,7.426612903225806,16.9,3.9211021505376347,11.4,0.9641129032258063,3.1,90.96370967741936,142.0,109.89650537634408,180.0,Open-Meteo Air Quality API (CAMS Europe reanalysis)
110200000214277563,Hoče-Slivnica,46.491123346375275,15.627119297982727,2022-07,10.650537634408602,24.8,7.598655913978494,16.8,4.454166666666667,12.1,0.9860215053763441,2.8,92.09139784946237,143.0,111.22446236559139,164.0,Open-Meteo Air Quality API (CAMS Europe reanalysis)
110200000214277647,Hodoš,46.82809427448643,16.320724381323217,2022-07,9.83978494623656,25.9,6.760752688172043,18.7,2.4349462365591394,6.5,0.7509408602150538,2.2,84.96774193548387,143.0,95.8225806451613,152.0,Open-Meteo Air Quality API (CAMS Europe reanalysis)
110200000214277720,Horjul,46.02254815726267,14.286734808035057,2022-07,10.879569892473118,41.5,7.945564516129032,33.1,3.4858870967741935,8.4,0.9290322580645162,3.0,88.19623655913979,161.0,117.77688172043011,255.0,Open-Meteo Air Quality API (CAMS Europe reanalysis)
110200000214277993,Jezersko,46.38703839657663,14.482859176804647,2022-07,9.845698924731183,28.4,7.02258064516129,20.3,2.4331989247311827,7.2,0.7256720430107526,2.5,87.33870967741936,137.0,107.86424731182795,175.0,Open-Meteo Air Quality API (CAMS Europe reanalysis)
110200000214278025,Komenda,46.20301696784466,14.54149593601954,2022-07,10.709543010752688,29.2,7.746505376344086,22.4,2.833736559139785,8.3,0.849731182795699,3.1,87.89516129032258,140.0,111.07123655913979,167.0,Open-Meteo Air Quality API (CAMS Europe reanalysis)
110200000214278298,Kostel,45.49901247678333,14.861890472002587,2022-07,8.802822580645161,21.1,6.845698924731183,17.5,1.4706989247311828,4.0,1.3274193548387097,5.4,85.50537634408602,129.0,110.7258064516129,171.0,Open-Meteo Air Quality API (CAMS Europe reanalysis)
110200000214278371,Križevci,46.564035343400676,16.117970552483342,2022-07,10.162768817204302,24.6,7.250268817204301,17.0,3.0829301075268813,7.6,0.7869623655913979,2.6,89.69354838709677,143.0,102.88440860215054,164.0,Open-Meteo Air Quality API (CAMS Europe reanalysis)
110200000214278454,Lovrenc na Pohorju,46.525893966581414,15.383642621069,2022-07,9.760618279569892,23.3,6.799462365591398,16.5,2.475268817204301,5.3,0.7388440860215054,2.4,91.89516129032258,135.0,106.125,144.0,Open-Meteo Air Quality API (CAMS Europe reanalysis)
110200000214278538,Mirna Peč,45.85457287759405,15.082052322120505,2022-07,9.374596774193549,22.1,7.245698924731183,18.2,3.2936827956989245,8.3,0.9172043010752687,3.4,85.86962365591398,146.0,111.26612903225806,162.0,Open-Meteo Air Quality API (CAMS Europe reanalysis)
110200000214278611,Oplotnica,46.38566848043258,15.448888096391725,2022-07,10.035483870967742,22.3,7.18991935483871,16.9,3.2163978494623655,7.4,0.8987903225806452,2.4,90.61559139784946,135.0,108.71102150537635,155.0,Open-Meteo Air Quality API (CAMS Europe reanalysis)
110200000214278702,Podlehnik,46.316231994340676,15.865327846665062,2022-07,10.196774193548386,23.3,7.279435483870968,17.6,3.6676075268817203,9.9,1.1868279569892473,4.0,89.97311827956989,143.0,111.77150537634408,171.0,Open-Meteo Air Quality API (CAMS Europe reanalysis)
110200000214278884,Prebold,46.217763166498294,15.089671404303294,2022-07,11.01518817204301,24.6,7.947043010752688,19.1,3.7223118279569896,10.0,1.253494623655914,3.5,86.20833333333333,137.0,110.98521505376344,158.0,Open-Meteo Air Quality API (CAMS Europe reanalysis)
110200000214278967,Razkrižje,46.52047494482777,16.274051621912317,2022-07,10.092338709677419,24.3,7.234811827956989,18.1,2.738172043010753,8.0,0.8439516129032257,2.8,88.46639784946237,144.0,101.98655913978494,160.0,Open-Meteo Air Quality API (CAMS Europe reanalysis)
110200000214279007,Selnica ob Dravi,46.58634158358902,15.483329677804635,2022-07,9.772177419354838,24.0,6.804435483870968,16.6,2.6763440860215053,5.5,0.7626344086021505,2.2,93.06720430107526,137.0,106.40188172043011,146.0,Open-Meteo Air Quality API (CAMS Europe reanalysis)
110200000214279189,Solčava,46.405039056399765,14.658145250132055,2022-07,9.5622311827957,22.9,6.718413978494624,16.6,1.877016129032258,4.4,0.6716397849462366,2.0,86.6008064516129,133.0,104.98252688172043,151.0,Open-Meteo Air Quality API (CAMS Europe reanalysis)
110200000214279262,Šempeter-Vrtojba,45.915417662984034,13.646758255747404,2022-07,11.716532258064516,48.9,8.679032258064517,48.8,3.8411290322580647,11.9,0.9598118279569893,4.3,90.88037634408602,167.0,131.4744623655914,491.0,Open-Meteo Air Quality API (CAMS Europe reanalysis)
110200000214279346,Tabor,46.22061611753298,15.009213355890788,2022-07,11.01518817204301,24.6,7.947043010752688,19.1,3.7223118279569896,10.0,1.253494623655914,3.5,86.20833333333333,137.0,110.98521505376344,158.0,Open-Meteo Air Quality API (CAMS Europe reanalysis)
110200000214279429,Trnovska vas,46.52277693117219,15.888483639119686,2022-07,10.495833333333334,26.7,7.380376344086022,18.1,3.6868279569892475,10.6,0.7655913978494624,2.6,92.09811827956989,144.0,106.4986559139785,176.0,Open-Meteo Air Quality API (CAMS Europe reanalysis)
110200000214279692,Trzin,46.12787934849103,14.552338500184613,2022-07,11.828897849462367,32.2,8.769489247311828,24.8,4.395161290322581,11.3,1.12002688172043,3.2,85.90591397849462,147.0,116.79704301075269,186.0,Open-Meteo Air Quality API (CAMS Europe reanalysis)
110200000214279775,Veržej,46.582573840246404,16.164067428579692,2022-07,10.162768817204302,24.6,7.250268817204301,17.0,3.0829301075268813,7.6,0.7869623655913979,2.6,89.69354838709677,143.0,102.88440860215054,164.0,Open-Meteo Air Quality API (CAMS Europe reanalysis)
110200000214279858,Žetale,46.28252883364969,15.800804017460656,2022-07,10.023387096774194,22.9,7.13494623655914,18.4,3.108467741935484,8.3,1.068279569892473,3.4,88.93413978494624,139.0,110.71236559139786,162.0,Open-Meteo Air Quality API (CAMS Europe reanalysis)
110200000214279932,Žužemberk,45.80801237779329,14.931059009298378,2022-07,9.283870967741935,22.5,7.171639784946236,17.6,2.963440860215054,7.3,0.9112903225806451,3.2,86.1760752688172,144.0,110.78360215053763,163.0,Open-Meteo Air Quality API (CAMS Europe reanalysis)
110200000214280195,Markovci,46.390643394945535,15.948797880909398,2022-07,9.996774193548388,23.5,7.101075268817204,17.3,3.021505376344086,9.0,0.9202956989247313,3.3,89.58602150537635,142.0,108.34946236559139,160.0,Open-Meteo Air Quality API (CAMS Europe reanalysis)
110200000214280278,Miklavž na Dravskem polju,46.488707060414924,15.70724473952959,2022-07,10.582930107526881,25.2,7.58252688172043,17.2,4.28494623655914,12.9,1.0901881720430109,3.5,91.19489247311827,143.0,110.64381720430107,185.0,Open-Meteo Air Quality API (CAMS Europe reanalysis)
110200000214280351,Polzela,46.3030254686645,15.085067865241358,2022-07,11.175806451612901,24.2,8.014381720430107,18.0,3.4993279569892475,7.9,1.3313172043010753,4.2,86.9475806451613,140.0,110.80376344086021,164.0,Open-Meteo Air Quality API (CAMS Europe reanalysis)
110200000214280435,Prevalje,46.55244356767523,14.894893663012706,2022-07,10.676075268817204,24.6,7.398924731182796,17.6,2.755779569892473,6.1,0.6698924731182795,2.1,83.88575268817205,136.0,108.31586021505376,148.0,Open-Meteo Air Quality API (CAMS Europe reanalysis)
110200000214280518,Ribnica na Pohorju,46.523975781860806,15.260084417277758,2022-07,10.05483870967742,23.5,7.008333333333333,16.4,2.5004032258064517,5.1,0.716263440860215,2.7,89.47446236559139,134.0,106.84543010752688,150.0,Open-Meteo Air Quality API (CAMS Europe reanalysis)
110200000214280609,Sodražica,45.75753736832799,14.617915481269618,2022-07,8.831182795698924,22.6,6.788306451612903,19.3,1.901478494623656,4.9,0.9729838709677419,3.3,88.56182795698925,140.0,109.54704301075269,165.0,Open-Meteo Air Quality API (CAMS Europe reanalysis)
110200000214280781,Sveta Ana,46.652412256560496,15.836165839379136,2022-07,10.500672043010752,27.5,7.235215053763441,19.3,3.440188172043011,9.3,0.680241935483871,2.2,92.13440860215054,144.0,104.16801075268818,167.0,Open-Meteo Air Quality API (CAMS Europe reanalysis)
110200000214280864,Sveti Andraž v Slov. goricah,46.52299450065479,15.952288134352365,2022-07,10.297177419354838,24.9,7.234005376344086,17.3,3.4018817204301075,8.6,0.7385752688172043,2.5,91.9260752688172,147.0,105.19220430107526,165.0,Open-Meteo Air Quality API (CAMS Europe reanalysis)
110200000214280948,Velika Polana,46.578775903696,16.353587848632618,2022-07,10.113575268817204,24.5,7.25994623655914,18.1,2.5141129032258065,6.7,1.114784946236559,3.5,87.21370967741936,143.0,101.18951612903226,165.0,Open-Meteo Air Quality API (CAMS Europe reanalysis)
110200000214281086,Vransko,46.23638130186829,14.944485879098393,2022-07,10.645698924731182,22.2,7.599731182795699,17.8,3.2298387096774195,7.0,1.165994623655914,3.5,87.07123655913979,133.0,109.36962365591398,164.0,Open-Meteo Air Quality API (CAMS Europe reanalysis)
110200000214281169,Žirovnica,46.410667853775486,14.168836034306835,2022-07,10.197043010752688,29.8,7.092876344086022,21.0,2.9405913978494627,7.4,0.6088709677419355,1.9,84.89112903225806,141.0,112.39784946236558,151.0,Open-Meteo Air Quality API (CAMS Europe reanalysis)
110200000214281243,Žalec,46.25909528809379,15.165668252398753,2022-07,10.78978494623656,23.6,7.833333333333333,18.7,3.684543010752688,8.3,1.1668010752688172,3.4,86.22715053763442,139.0,110.88575268817205,160.0,Open-Meteo Air Quality API (CAMS Europe reanalysis)
110200000214282647,Šmartno pri Litiji,46.022848363385165,14.844804922015156,2022-07,10.03252688172043,22.2,7.420564516129032,18.5,2.849731182795699,8.6,0.9674731182795698,2.9,87.98655913978494,142.0,111.02553763440861,167.0,Open-Meteo Air Quality API (CAMS Europe reanalysis)
110200000214336328,Središče ob Dravi,46.402607756883455,16.255114383612703,2022-07,10.155645161290323,24.9,7.32741935483871,17.7,2.529032258064516,7.5,0.9487903225806451,2.8,89.28629032258064,144.0,104.0752688172043,166.0,Open-Meteo Air Quality API (CAMS Europe reanalysis)
110200000214336591,Straža,45.77723521131685,15.09132754810104,2022-07,9.071639784946237,21.7,7.018145161290323,17.0,2.598521505376344,6.6,0.941263440860215,3.7,85.57930107526882,138.0,110.75268817204301,159.0,Open-Meteo Air Quality API (CAMS Europe reanalysis)
110200000214336674,Sveta Trojica v Slovenskih goricah,46.569825973292964,15.886187953897103,2022-07,10.495833333333334,26.7,7.380376344086022,18.1,3.6868279569892475,10.6,0.7655913978494624,2.6,92.09811827956989,144.0,106.4986559139785,176.0,Open-Meteo Air Quality API (CAMS Europe reanalysis)
110200000214336757,Sveti Tomaž,46.479741481073496,16.066809577993237,2022-07,10.086290322580645,24.3,7.154704301075269,16.4,2.8888440860215057,8.9,0.8095430107526881,2.8,91.27822580645162,145.0,105.42338709677419,163.0,Open-Meteo Air Quality API (CAMS Europe reanalysis)
110200000214336831,Šmarješke Toplice,45.884139525136995,15.243469431048505,2022-07,9.23266129032258,20.6,7.050940860215054,17.8,2.8653225806451617,6.9,0.9091397849462365,3.7,85.56451612903226,147.0,110.91263440860214,160.0,Open-Meteo Air Quality API (CAMS Europe reanalysis)
110200000214364379,Apače,46.69300741283226,15.873493447514312,2022-07,10.500672043010752,27.5,7.235215053763441,19.3,3.440188172043011,9.3,0.680241935483871,2.2,92.13440860215054,144.0,104.16801075268818,167.0,Open-Meteo Air Quality API (CAMS Europe reanalysis)
110200000214364452,Cirkulane,46.34165933888126,15.995351517985293,2022-07,9.996774193548388,23.5,7.101075268817204,17.3,3.021505376344086,9.0,0.9202956989247313,3.3,89.58602150537635,142.0,108.34946236559139,160.0,Open-Meteo Air Quality API (CAMS Europe reanalysis)
110200000214364536,Kostanjevica na Krki,45.83754983831297,15.420733111419445,2022-07,9.175940860215054,19.4,6.899193548387097,16.0,2.5969086021505374,6.0,0.9626344086021505,4.0,87.5739247311828,146.0,111.39650537634408,165.0,Open-Meteo Air Quality API (CAMS Europe reanalysis)
110200000214364619,Makole,46.315781323344076,15.674881943160027,2022-07,10.368145161290322,24.4,7.408467741935484,17.9,3.915725806451613,9.7,1.1706989247311828,3.1,90.92876344086021,141.0,113.44220430107526,166.0,Open-Meteo Air Quality API (CAMS Europe reanalysis)
110200000214364700,Mokronog-Trebelno,45.91521481080783,15.157481851930658,2022-07,9.455913978494623,19.6,7.1,18.7,2.5647849462365593,8.6,0.9088709677419355,3.3,88.13306451612904,147.0,111.06182795698925,164.0,Open-Meteo Air Quality API (CAMS Europe reanalysis)
110200000214364882,Poljčane,46.305118478837805,15.594970972846287,2022-07,10.253091397849463,23.0,7.292741935483871,17.0,3.7516129032258063,8.7,0.9774193548387098,2.8,90.3508064516129,140.0,111.08064516129032,161.0,Open-Meteo Air Quality API (CAMS Europe reanalysis)
110200000240634530,Renče-Vogrsko,45.891062499535394,13.679910100454968,2022-07,12.940322580645162,66.3,9.702956989247312,68.0,4.066532258064516,14.1,1.1850806451612903,6.0,89.33198924731182,162.0,135.7311827956989,663.0,Open-Meteo Air Quality API (CAMS Europe reanalysis)
110200000240634613,Gorje,46.39027055601373,13.982652833711024,2022-07,9.144086021505377,22.4,6.487634408602151,18.4,1.9684139784946237,4.6,0.5448924731182795,2.0,86.19220430107526,143.0,110.03225806451613,166.0,Open-Meteo Air Quality API (CAMS Europe reanalysis)
110200000240634704,Log-Dragomer,46.01437891196456,14.373292580898537,2022-07,11.423387096774194,41.4,8.464247311827956,34.7,4.456048387096774,10.7,1.0473118279569893,3.1,87.1975806451613,160.0,119.95564516129032,259.0,Open-Meteo Air Quality API (CAMS Europe reanalysis)
110200000240634886,Rečica ob Savinji,46.32805709507662,14.903118078914886,2022-07,10.603091397849463,22.2,7.548521505376344,18.5,2.7577956989247316,6.4,1.1692204301075269,3.6,87.35752688172043,136.0,108.4502688172043,156.0,Open-Meteo Air Quality API (CAMS Europe reanalysis)
110200000240634969,Sveti Jurij v Slovenskih goricah,46.61282055197763,15.788163056384937,2022-07,10.599462365591398,27.5,7.353763440860215,18.8,3.801209677419355,10.8,0.7311827956989247,2.1,91.875,144.0,106.1263440860215,172.0,Open-Meteo Air Quality API (CAMS Europe reanalysis)
110200000240635008,Šentrupert,45.98426733987701,15.089599805073064,2022-07,9.581048387096775,20.4,7.219086021505376,18.2,2.9838709677419355,8.6,0.9336021505376344,3.2,87.83736559139786,146.0,111.36155913978494,163.0,Open-Meteo Air Quality API (CAMS Europe reanalysis)
110200000240635180,Mirna,45.945175534193304,15.056950790822144,2022-07,9.581048387096775,20.4,7.219086021505376,18.2,2.9838709677419355,8.6,0.9336021505376344,3.2,87.83736559139786,146.0,111.36155913978494,163.0,Open-Meteo Air Quality API (CAMS Europe reanalysis)
110200000240635263,Ankaran,45.575388876149695,13.742427505998915,2022-07,11.97755376344086,39.8,8.84771505376344,32.0,7.881451612903226,28.3,2.6643817204301077,6.9,87.9475806451613,159.0,135.4784946236559,218.0,Open-Meteo Air Quality API (CAMS Europe reanalysis)
