Leto,Občina,Novi primeri pljučnega raka,Umrljivost zaradi pljučnega raka (0–74 let)
2020,Ajdovščina,65.15886105831194,32.4
2020,Ankaran,n,n
2020,Apače,73.19130625185606,59.63
2020,Beltinci,49.992345932990155,49.37
2020,Benedikt,46.681107041446495,47.61
2020,Bistrica ob Sotli,0,16.17
2020,Bled,91.19711653780229,55.49
2020,Bloke,88.58310200316153,64.01
2020,Bohinj,78.34605089679388,70.01
2020,Borovnica,47.50696713603583,4.91
2020,Bovec,47.71918301080193,6.3
2020,Braslovče,72.51905862028691,49.01
2020,Brda,42.53365787630112,29.64
2020,Brezovica,56.26403623891241,30.45
2020,Brežice,52.99899323713757,35.26
2020,Cankova,70.9196613067523,63.33
2020,Celje,66.05676085293526,40.68
2020,Cerklje na Gorenjskem,13.903442975237658,13.74
2020,Cerknica,51.12879749091054,30.98
2020,Cerkno,93.9067960488552,65.25
2020,Cerkvenjak,59.05135637875329,37.87
2020,Cirkulane,25.949568636868168,17.68
2020,Destrnik,96.80134878985832,41.86
2020,Divača,60.440399499915166,33.68
2020,Dobje,102.98001059767068,0
2020,Dobrepolje,95.56207236290614,67.9
2020,Dobrna,29.43375298991162,25.28
2020,Dobrova - Polhov Gradec,42.9671743871922,22.24
2020,Dobrovnik/Dobronak,10.1667472665953,0
2020,Dol pri Ljubljani,44.376928786505864,17.16
2020,Dolenjske Toplice,70.72521926289025,70.28
2020,Domžale,63.70896622818463,33.97
2020,Dornava,75.69716615019692,42.19
2020,Dravograd,58.45481094780439,19.61
2020,Duplek,75.33801209926554,42.21
2020,Gorenja vas - Poljane,50.95786332423394,21.08
2020,Gorišnica,25.989899805616467,33.49
2020,Gorje,52.01695971379252,21.87
2020,Gornja Radgona,48.17044421927733,41.28
2020,Gornji Grad,48.473049444509805,31.77
2020,Gornji Petrovci,34.78526840991353,14.91
2020,Grad,47.809194266593096,33.74
2020,Grosuplje,48.95447580675436,29.86
2020,Hajdina,69.87365697215341,43.51
2020,Hodoš/Hodos,39.88982358936517,74.72
2020,Horjul,53.436557524173836,26.61
2020,Hoče - Slivnica,66.94714823771217,47.57
2020,Hrastnik,99.22293257628263,67.07
2020,Hrpelje - Kozina,37.812995881183255,20.15
2020,Idrija,71.8021805553066,53.85
2020,Ig,67.43540921797131,37.47
2020,Ilirska Bistrica,42.40911548584798,19.54
2020,Ivančna Gorica,77.09366287857351,43.73
2020,Izola/Isola,88.71449127953676,57.37
2020,Jesenice,95.80750018169647,50.54
2020,Jezersko,0,0
2020,Juršinci,49.88259465433855,48.93
2020,Kamnik,56.45759981206831,28.6
2020,Kanal,63.92490931596858,33.21
2020,Kidričevo,66.271161678627,32.74
2020,Kobarid,36.085592189776634,37.02
2020,Kobilje,0,0
2020,Komen,96.15665818979772,29.05
2020,Komenda,33.6279104426018,9.49
2020,Koper/Capodistria,59.79207673838451,39.76
2020,Kostanjevica na Krki,66.28270333705177,73.06
2020,Kostel,77.07083005462886,22.12
2020,Kozje,76.57804770400001,36.74
2020,Kočevje,70.46568256093636,48.85
2020,Kranj,73.08781600225231,41.79
2020,Kranjska Gora,72.8398887135898,58.15
2020,Križevci,47.754683465295194,53.24
2020,Krško,49.449468469175756,27.05
2020,Kungota,57.3303442283698,27.41
2020,Kuzma,73.60908852428702,37.08
2020,Laško,42.1615957036329,35.53
2020,Lenart,33.14856685539649,38.98
2020,Lendava/Lendva,52.31098794357518,38.89
2020,Litija,75.01488269704913,35.32
2020,Ljubljana,75.80673703105221,44.1
2020,Ljubno,38.48196709885282,25.72
2020,Ljutomer,45.15763398934794,21.52
2020,Log - Dragomer,80.80814501890197,23.05
2020,Logatec,78.9937348595138,56.22
2020,Lovrenc na Pohorju,69.20531082664007,39.86
2020,Loška dolina,75.74560937583546,42.09
2020,Loški Potok,72.82139968456205,65.66
2020,Lukovica,49.875827867105365,47.16
2020,Luče,39.33143498315867,57.44
2020,Majšperk,39.336737079367936,32.9
2020,Makole,26.91623422564965,41.28
2020,Maribor,66.79686344166853,42.93
2020,Markovci,80.92829501830501,45.53
2020,Medvode,70.65624497278131,30
2020,Mengeš,51.277855800939115,26.13
2020,Metlika,55.394921644316135,30.35
2020,Mežica,87.08725893837727,67.11
2020,Miklavž na Dravskem polju,65.12855915956915,50.63
2020,Miren - Kostanjevica,63.34441254758754,36.22
2020,Mirna,57.03124325,34.21
2020,Mirna Peč,54.96623011179336,34.83
2020,Mislinja,70.16666567542245,51.63
2020,Mokronog - Trebelno,58.64628317784568,25.21
2020,Moravske Toplice,49.44222315228696,43.02
2020,Moravče,34.90153791373824,10.8
2020,Mozirje,54.58230139128189,42.12
2020,Murska Sobota,74.85881096813849,50.09
2020,Muta,53.963307696783325,40.09
2020,Naklo,66.7257971978939,47.71
2020,Nazarje,32.396419793144425,17.48
2020,Nova Gorica,65.93757406154378,43.11
2020,Novo mesto,81.4524308822865,50.92
2020,Odranci,70.71727252496302,29.16
2020,Oplotnica,33.529212489025134,22.78
2020,Ormož,54.63473179581574,32.64
2020,Osilnica,0,0
2020,Pesnica,33.4231272785579,45.8
2020,Piran/Pirano,75.95645362991499,43.78
2020,Pivka,36.699031438016895,23.1
2020,Podlehnik,41.5434949893431,36.92
2020,Podvelka,95.86819191220444,41.18
2020,Podčetrtek,42.22182850390154,58.24
2020,Poljčane,29.08061241847708,36.02
2020,Polzela,63.505252991738935,50.99
2020,Postojna,62.6871585837905,43.1
2020,Prebold,60.456898450381395,33.91
2020,Preddvor,116.60454138691378,57.92
2020,Prevalje,61.604264380917556,62.72
2020,Ptuj,61.685763829861116,41.54
2020,Puconci,56.69798914357931,58.49
2020,Radenci,52.20899146710225,35.43
2020,Radeče,46.33324940493363,36
2020,Radlje ob Dravi,69.18915636915774,75.59
2020,Radovljica,54.90739568847374,37.02
2020,Ravne na Koroškem,78.13484945420552,53.57
2020,Razkrižje,13.189293751258768,0
2020,Rače - Fram,69.47246933419856,49.45
2020,Renče - Vogrsko,37.90923896975175,14.14
2020,Rečica ob Savinji,41.13003689230794,28.35
2020,Ribnica,91.06081603923485,80.76
2020,Ribnica na Pohorju,164.79160728800625,94.37
2020,Rogatec,59.93993291215525,33.71
2020,Rogaška Slatina,42.387012293345705,34.9
2020,Rogašovci,30.678983799059207,37.16
2020,Ruše,68.97696574042908,53.39
2020,Selnica ob Dravi,100.56531694354813,54.66
2020,Semič,86.17428560692301,27.69
2020,Sevnica,44.36343162535792,30.55
2020,Sežana,60.83402110540181,47.05
2020,Slovenj Gradec,71.85480922838937,45.02
2020,Slovenska Bistrica,59.16191626177259,40.67
2020,Slovenske Konjice,59.31464024137204,35.54
2020,Sodražica,35.22525075130381,9.83
2020,Solčava,0,0
2020,Središče ob Dravi,63.44960728136848,51.35
2020,Starše,23.339547868447898,24.66
2020,Straža,84.78767927968303,39.92
2020,Sveta Ana,60.71296589496018,57.55
2020,Sveta Trojica v Slov. goricah,19.874622427626576,35.03
2020,Sveti Andraž v Slov. goricah,50.35635661525415,0
2020,Sveti Jurij ob Ščavnici,95.07992974475367,84.54
2020,Sveti Jurij v Slov. goricah,41.34432599535437,8.74
2020,Sveti Tomaž,96.00344388703179,23.69
2020,Tabor,0,0
2020,Tišina,119.11436862360051,76.04
2020,Tolmin,49.68877063189399,31.78
2020,Trbovlje,106.05384767082451,65.82
2020,Trebnje,52.55534834930581,28.84
2020,Trnovska vas,98.55437432847249,57.28
2020,Trzin,81.01279815789736,55.77
2020,Tržič,67.69834455195108,31.7
2020,Turnišče,63.06588187975432,48.04
2020,Velenje,62.03986303804377,26.63
2020,Velika Polana,114.25740837601691,72.45
2020,Velike Lašče,89.19544249115711,61.97
2020,Veržej,39.29995245019307,16.56
2020,Videm,54.87383105690293,37.43
2020,Vipava,46.13104049059526,53.58
2020,Vitanje,68.59753206821026,40.9
2020,Vodice,67.48996078476966,45.18
2020,Vojnik,42.51217273247114,36.82
2020,Vransko,58.230642070330575,46.91
2020,Vrhnika,64.97728284134789,44.6
2020,Vuzenica,79.74871562975518,58.35
2020,Zagorje ob Savi,79.7384312949163,42.1
2020,Zavrč,58.27459656182077,73.42
2020,Zreče,60.971815253827124,32.77
2020,Črenšovci,65.64399165604016,64.62
2020,Črna na Koroškem,120.06268499680549,41.22
2020,Črnomelj,70.08430361245159,49.89
2020,Šalovci,57.11996112077068,50.2
2020,Šempeter - Vrtojba,38.88255996247368,30.48
2020,Šentilj,60.003122599529526,53.67
2020,Šentjernej,43.07757061191525,34.01
2020,Šentjur,45.89062773082992,36.67
2020,Šentrupert,62.879005475276095,44.78
2020,Šenčur,80.53448923443567,32.56
2020,Škocjan,18.98025100339552,31.37
2020,Škofja Loka,63.0928215865637,36.65
2020,Škofljica,79.93299019192743,43.22
2020,Šmarje pri Jelšah,54.23102929481295,30.35
2020,Šmarješke Toplice,62.37507375055545,44.67
2020,Šmartno ob Paki,25.72697647613236,20.42
2020,Šmartno pri Litiji,76.34357711114848,47.47
2020,Šoštanj,67.67769972620927,45.9
2020,Štore,57.59011091156903,56.25
2020,Žalec,56.906639652232734,31.09
2020,Železniki,67.99107621349008,36.81
2020,Žetale,115.89259136169892,97.54
2020,Žiri,50.037096654332146,58.08
2020,Žirovnica,60.28522083712546,38.01
2020,Žužemberk,37.56900743849707,23.88
2021,Ajdovščina,70.68,33.72
2021,Ankaran,30.9224129348009,46.65
2021,Apače,66.51,39.53
2021,Beltinci,47.73,32.02
2021,Benedikt,46.68,49.65
2021,Bistrica ob Sotli,0.0,0.0
2021,Bled,88.72,50.04
2021,Bloke,65.46,25.14
2021,Bohinj,77.85,42.79
2021,Borovnica,68.14,18.93
2021,Bovec,57.0,24.65
2021,Braslovče,60.27,39.23
2021,Brda,53.01,20.13
2021,Brezovica,63.96,20.04
2021,Brežice,58.47,37.34
2021,Cankova,95.87,66.84
2021,Celje,66.14,40.46
2021,Cerklje na Gorenjskem,30.1,13.37
2021,Cerknica,58.24,39.79
2021,Cerkno,86.08,73.5
2021,Cerkvenjak,45.31,51.95
2021,Cirkulane,46.51,27.99
2021,Destrnik,96.8,48.8
2021,Divača,55.99,31.55
2021,Dobje,102.98,21.6
2021,Dobrepolje,85.16,58.41
2021,Dobrna,18.82,9.4
2021,Dobrova - Polhov Gradec,51.09,30.85
2021,Dobrovnik/Dobronak,37.0,35.08
2021,Dol pri Ljubljani,49.76,21.71
2021,Dolenjske Toplice,72.9,36.83
2021,Domžale,71.82,34.39
2021,Dornava,75.4,22.37
2021,Dravograd,53.4,31.44
2021,Duplek,75.02,41.28
2021,Gorenja vas - Poljane,55.04,30.9
2021,Gorišnica,51.3,45.02
2021,Gorje,52.83,42.64
2021,Gornja Radgona,58.92,55.06
2021,Gornji Grad,42.23,53.65
2021,Gornji Petrovci,34.79,28.53
2021,Grad,46.93,21.74
2021,Grosuplje,49.94,32.93
2021,Hajdina,55.12,47.64
2021,Hodoš/Hodos,39.89,0.0
2021,Horjul,52.33,26.66
2021,Hoče - Slivnica,70.6,56.54
2021,Hrastnik,88.56,47.93
2021,Hrpelje - Kozina,36.05,17.91
2021,Idrija,79.94,48.08
2021,Ig,86.12,33.31
2021,Ilirska Bistrica,53.51,25.46
2021,Ivančna Gorica,78.79,41.08
2021,Izola/Isola,80.51,54.39
2021,Jesenice,100.53,53.14
2021,Jezersko,0.0,28.74
2021,Juršinci,58.3,70.5
2021,Kamnik,60.19,32.98
2021,Kanal,75.21,39.74
2021,Kidričevo,53.73,29.08
2021,Kobarid,36.31,26.84
2021,Kobilje,0.0,0.0
2021,Komen,83.93,34.91
2021,Komenda,45.15,38.79
2021,Koper/Capodistria,67.6,40.5
2021,Kostanjevica na Krki,57.62,26.67
2021,Kostel,74.01,53.91
2021,Kozje,75.61,34.35
2021,Kočevje,70.03,50.2
2021,Kranj,75.06,44.28
2021,Kranjska Gora,75.69,39.47
2021,Križevci,52.3,49.33
2021,Krško,51.61,43.26
2021,Kungota,52.58,62.73
2021,Kuzma,110.03,86.8
2021,Laško,36.67,28.61
2021,Lenart,28.05,20.78
2021,Lendava/Lendva,45.72,30.97
2021,Litija,67.97,45.42
2021,Ljubljana,78.67,43.53
2021,Ljubno,37.62,15.5
2021,Ljutomer,50.42,39.16
2021,Log - Dragomer,76.66,53.71
2021,Logatec,90.26,69.94
2021,Lovrenc na Pohorju,89.02,48.81
2021,Loška dolina,91.09,33.35
2021,Loški Potok,93.18,59.98
2021,Lukovica,47.41,44.33
2021,Luče,26.1,40.81
2021,Majšperk,34.85,15.86
2021,Makole,26.92,27.55
2021,Maribor,73.66,48.7
2021,Markovci,74.42,59.87
2021,Medvode,65.86,37.07
2021,Mengeš,58.19,37.64
2021,Metlika,54.89,39.11
2021,Mežica,72.3,51.5
2021,Miklavž na Dravskem polju,74.55,42.83
2021,Miren - Kostanjevica,60.26,46.33
2021,Mirna,64.9,34.84
2021,Mirna Peč,85.36,47.17
2021,Mislinja,79.11,53.17
2021,Mokronog - Trebelno,41.34,31.66
2021,Moravske Toplice,53.99,43.44
2021,Moravče,33.91,30.28
2021,Mozirje,60.18,22.59
2021,Murska Sobota,69.44,41.2
2021,Muta,73.93,47.43
2021,Naklo,80.64,37.08
2021,Nazarje,32.4,34.43
2021,Nova Gorica,66.45,37.52
2021,Novo mesto,79.33,42.08
2021,Odranci,52.91,49.23
2021,Oplotnica,32.0,24.9
2021,Ormož,57.09,34.45
2021,Osilnica,0.0,51.22
2021,Pesnica,32.66,24.92
2021,Piran/Pirano,77.47,40.88
2021,Pivka,47.69,32.29
2021,Podlehnik,51.12,9.23
2021,Podvelka,93.75,74.01
2021,Podčetrtek,29.94,18.7
2021,Poljčane,37.05,38.41
2021,Polzela,72.88,44.57
2021,Postojna,62.07,36.53
2021,Prebold,64.26,25.31
2021,Preddvor,110.84,63.94
2021,Prevalje,64.5,55.14
2021,Ptuj,63.28,50.83
2021,Puconci,53.99,33.19
2021,Radenci,71.03,49.19
2021,Radeče,47.46,25.82
2021,Radlje ob Dravi,75.99,34.54
2021,Radovljica,54.65,33.36
2021,Ravne na Koroškem,70.04,50.23
2021,Razkrižje,28.68,14.2
2021,Rače - Fram,62.2,31.28
2021,Renče - Vogrsko,41.95,10.69
2021,Rečica ob Savinji,48.36,19.73
2021,Ribnica,77.63,48.26
2021,Ribnica na Pohorju,193.65,84.05
2021,Rogatec,42.95,15.17
2021,Rogaška Slatina,32.23,32.41
2021,Rogašovci,55.22,54.35
2021,Ruše,82.42,62.65
2021,Selnica ob Dravi,95.72,53.67
2021,Semič,103.81,34.42
2021,Sevnica,41.77,21.71
2021,Sežana,59.33,37.31
2021,Slovenj Gradec,69.27,40.07
2021,Slovenska Bistrica,58.29,37.77
2021,Slovenske Konjice,67.25,40.69
2021,Sodražica,34.15,36.15
2021,Solčava,76.83,87.85
2021,Središče ob Dravi,72.84,48.7
2021,Starše,51.68,48.66
2021,Straža,85.89,42.57
2021,Sveta Ana,59.84,51.91
2021,Sveta Trojica v Slov. goricah,29.66,0.0
2021,Sveti Andraž v Slov. goricah,50.36,21.35
2021,Sveti Jurij ob Ščavnici,109.33,46.2
2021,Sveti Jurij v Slov. goricah,59.35,9.6
2021,Sveti Tomaž,104.3,29.31
2021,Tabor,11.48,28.61
2021,Tišina,102.13,39.2
2021,Tolmin,63.03,41.85
2021,Trbovlje,106.13,87.78
2021,Trebnje,58.14,38.48
2021,Trnovska vas,139.03,58.45
2021,Trzin,63.24,51.66
2021,Tržič,61.47,43.24
2021,Turnišče,59.6,43.13
2021,Velenje,64.75,29.95
2021,Velika Polana,136.41,56.63
2021,Velike Lašče,87.76,47.82
2021,Veržej,39.3,26.6
2021,Videm,50.25,22.92
2021,Vipava,52.18,58.88
2021,Vitanje,76.95,44.92
2021,Vodice,61.51,44.65
2021,Vojnik,43.64,34.28
2021,Vransko,56.53,53.95
2021,Vrhnika,65.85,36.34
2021,Vuzenica,99.25,68.69
2021,Zagorje ob Savi,72.9,35.09
2021,Zavrč,43.16,26.46
2021,Zreče,42.69,37.87
2021,Črenšovci,59.44,49.58
2021,Črna na Koroškem,113.65,39.77
2021,Črnomelj,73.57,52.22
2021,Šalovci,54.49,26.63
2021,Šempeter - Vrtojba,39.39,29.45
2021,Šentilj,60.3,44.03
2021,Šentjernej,39.81,31.56
2021,Šentjur,49.85,29.98
2021,Šentrupert,62.61,85.55
2021,Šenčur,84.7,27.67
2021,Škocjan,6.74,0.0
2021,Škofja Loka,63.35,37.7
2021,Škofljica,77.99,32.38
2021,Šmarje pri Jelšah,59.67,41.27
2021,Šmarješke Toplice,64.62,63.3
2021,Šmartno ob Paki,24.28,22.22
2021,Šmartno pri Litiji,72.86,53.38
2021,Šoštanj,76.3,40.06
2021,Štore,62.25,69.93
2021,Žalec,55.69,35.97
2021,Železniki,64.71,58.09
2021,Žetale,83.51,42.11
2021,Žiri,56.52,20.47
2021,Žirovnica,50.02,28.7
2021,Žužemberk,21.42,34.72
2022,Ajdovščina,69.42,28.04
2022,Ankaran,51.1151030074836,52.16
2022,Apače,89.48,55.68
2022,Beltinci,56.29,29.2
2022,Benedikt,53.95,48.2
2022,Bistrica ob Sotli,0.0,16.07
2022,Bled,90.54,36.68
2022,Bloke,52.41,25.14
2022,Bohinj,77.16,41.65
2022,Borovnica,80.26,29.84
2022,Bovec,55.58,29.49
2022,Braslovče,58.8,35.35
2022,Brda,44.99,22.65
2022,Brezovica,68.08,19.11
2022,Brežice,55.1,37.79
2022,Cankova,92.16,103.05
2022,Celje,66.19,33.6
2022,Cerklje na Gorenjskem,31.69,23.96
2022,Cerknica,64.39,39.88
2022,Cerkno,88.16,59.62
2022,Cerkvenjak,53.85,39.59
2022,Cirkulane,38.58,18.53
2022,Destrnik,94.48,40.68
2022,Divača,45.5,26.81
2022,Dobje,102.98,21.6
2022,Dobrepolje,68.6,44.69
2022,Dobrna,29.32,21.87
2022,Dobrova - Polhov Gradec,53.18,30.42
2022,Dobrovnik/Dobronak,49.23,64.82
2022,Dol pri Ljubljani,40.26,24.88
2022,Dolenjske Toplice,79.52,41.92
2022,Domžale,71.04,36.54
2022,Dornava,71.58,36.96
2022,Dravograd,44.17,26.56
2022,Duplek,70.96,22.02
2022,Gorenja vas - Poljane,58.55,30.86
2022,Gorišnica,50.46,38.63
2022,Gorje,58.75,35.09
2022,Gornja Radgona,57.52,50.34
2022,Gornji Grad,48.15,62.91
2022,Gornji Petrovci,53.02,32.6
2022,Grad,45.78,21.74
2022,Grosuplje,55.86,33.12
2022,Hajdina,64.55,47.47
2022,Hodoš/Hodos,0.0,0.0
2022,Horjul,39.39,27.91
2022,Hoče - Slivnica,79.84,57.49
2022,Hrastnik,82.03,47.84
2022,Hrpelje - Kozina,30.96,24.33
2022,Idrija,76.68,48.82
2022,Ig,75.5,38.21
2022,Ilirska Bistrica,59.66,24.45
2022,Ivančna Gorica,68.17,36.71
2022,Izola/Isola,80.75,48.12
2022,Jesenice,99.09,56.28
2022,Jezersko,0.0,28.74
2022,Juršinci,57.39,61.58
2022,Kamnik,59.17,38.33
2022,Kanal,75.46,32.89
2022,Kidričevo,56.23,27.8
2022,Kobarid,48.19,31.42
2022,Kobilje,60.43,0.0
2022,Komen,84.02,22.48
2022,Komenda,48.76,43.01
2022,Koper/Capodistria,67.84,36.45
2022,Kostanjevica na Krki,41.08,25.87
2022,Kostel,101.79,53.91
2022,Kozje,61.89,34.35
2022,Kočevje,71.99,45.18
2022,Kranj,73.53,45.66
2022,Kranjska Gora,70.76,46.44
2022,Križevci,66.59,43.36
2022,Krško,62.39,47.48
2022,Kungota,55.44,77.33
2022,Kuzma,99.88,75.1
2022,Laško,42.89,26.47
2022,Lenart,39.37,25.08
2022,Lendava/Lendva,43.34,40.32
2022,Litija,66.34,46.02
2022,Ljubljana,80.16,41.66
2022,Ljubno,37.4,23.45
2022,Ljutomer,58.3,38.18
2022,Log - Dragomer,66.59,80.25
2022,Logatec,106.89,62.1
2022,Lovrenc na Pohorju,111.31,52.96
2022,Loška dolina,85.58,50.1
2022,Loški Potok,104.72,53.59
2022,Lukovica,51.82,35.25
2022,Luče,12.27,26.72
2022,Majšperk,25.26,10.36
2022,Makole,18.26,17.59
2022,Maribor,76.81,48.31
2022,Markovci,82.68,60.44
2022,Medvode,64.84,35.37
2022,Mengeš,60.07,24.35
2022,Metlika,48.57,33.91
2022,Mežica,75.3,50.31
2022,Miklavž na Dravskem polju,76.53,35.5
2022,Miren - Kostanjevica,52.71,49.62
2022,Mirna,57.54,32.08
2022,Mirna Peč,87.37,47.17
2022,Mislinja,92.12,48.07
2022,Mokronog - Trebelno,50.89,31.66
2022,Moravske Toplice,56.71,41.11
2022,Moravče,47.21,30.28
2022,Mozirje,45.52,23.03
2022,Murska Sobota,64.07,36.21
2022,Muta,54.05,45.87
2022,Naklo,67.25,29.22
2022,Nazarje,45.01,24.27
2022,Nova Gorica,70.3,39.49
2022,Novo mesto,78.55,40.8
2022,Odranci,62.62,49.23
2022,Oplotnica,47.68,29.16
2022,Ormož,57.69,30.96
2022,Osilnica,46.95,51.22
2022,Pesnica,43.79,26.85
2022,Piran/Pirano,79.33,35.38
2022,Pivka,56.24,30.82
2022,Podlehnik,39.83,9.23
2022,Podvelka,70.09,74.94
2022,Podčetrtek,20.58,36.65
2022,Poljčane,45.34,47.34
2022,Polzela,68.06,36.86
2022,Postojna,63.51,40.82
2022,Prebold,60.43,20.59
2022,Preddvor,116.81,54.92
2022,Prevalje,71.43,42.21
2022,Ptuj,63.06,47.59
2022,Puconci,54.64,26.85
2022,Radenci,75.0,49.0
2022,Radeče,53.95,40.14
2022,Radlje ob Dravi,81.23,39.02
2022,Radovljica,65.96,36.98
2022,Ravne na Koroškem,77.93,41.92
2022,Razkrižje,28.68,0.0
2022,Rače - Fram,54.64,36.5
2022,Renče - Vogrsko,33.06,0.0
2022,Rečica ob Savinji,47.93,16.23
2022,Ribnica,71.95,55.0
2022,Ribnica na Pohorju,177.98,46.8
2022,Rogatec,34.91,21.47
2022,Rogaška Slatina,40.81,26.1
2022,Rogašovci,59.92,53.31
2022,Ruše,99.17,69.6
2022,Selnica ob Dravi,86.77,30.43
2022,Semič,70.15,34.42
2022,Sevnica,42.72,35.95
2022,Sežana,54.95,31.37
2022,Slovenj Gradec,61.17,38.84
2022,Slovenska Bistrica,57.07,40.26
2022,Slovenske Konjice,66.12,42.71
2022,Sodražica,74.34,44.09
2022,Solčava,114.88,87.85
2022,Središče ob Dravi,54.37,40.24
2022,Starše,64.8,43.87
2022,Straža,84.23,48.51
2022,Sveta Ana,60.3,49.7
2022,Sveta Trojica v Slov. goricah,49.48,0.0
2022,Sveti Andraž v Slov. goricah,50.78,21.35
2022,Sveti Jurij ob Ščavnici,71.88,46.2
2022,Sveti Jurij v Slov. goricah,69.73,21.37
2022,Sveti Tomaž,95.7,29.31
2022,Tabor,24.78,28.61
2022,Tišina,83.07,33.85
2022,Tolmin,61.68,42.39
2022,Trbovlje,113.9,77.41
2022,Trebnje,64.37,37.74
2022,Trnovska vas,168.33,40.52
2022,Trzin,64.96,23.16
2022,Tržič,59.9,41.11
2022,Turnišče,52.05,32.97
2022,Velenje,62.12,33.93
2022,Velika Polana,93.49,72.53
2022,Velike Lašče,75.1,42.66
2022,Veržej,24.38,42.67
2022,Videm,37.66,25.06
2022,Vipava,52.94,51.47
2022,Vitanje,77.47,52.07
2022,Vodice,53.05,48.86
2022,Vojnik,49.04,38.91
2022,Vransko,55.67,61.94
2022,Vrhnika,58.06,45.01
2022,Vuzenica,100.46,74.86
2022,Zagorje ob Savi,71.22,32.11
2022,Zavrč,33.67,26.46
2022,Zreče,47.48,51.15
2022,Črenšovci,47.67,28.85
2022,Črna na Koroškem,111.7,46.17
2022,Črnomelj,81.78,50.91
2022,Šalovci,54.85,34.58
2022,Šempeter - Vrtojba,43.89,25.56
2022,Šentilj,56.73,48.25
2022,Šentjernej,47.98,41.32
2022,Šentjur,48.07,28.33
2022,Šentrupert,69.24,73.77
2022,Šenčur,67.0,21.73
2022,Škocjan,6.74,6.83
2022,Škofja Loka,74.25,41.05
2022,Škofljica,76.76,27.06
2022,Šmarje pri Jelšah,68.52,47.54
2022,Šmarješke Toplice,41.22,56.75
2022,Šmartno ob Paki,31.46,29.65
2022,Šmartno pri Litiji,71.09,38.85
2022,Šoštanj,80.81,36.83
2022,Štore,70.54,59.9
2022,Žalec,58.08,35.94
2022,Železniki,67.72,47.27
2022,Žetale,51.14,0.0
2022,Žiri,51.82,15.24
2022,Žirovnica,57.44,28.7
2022,Žužemberk,42.94,39.73
2023,Ajdovščina,56.632,33.146
2023,Ankaran,n,65.987
2023,Apače,76.133,48.801
2023,Beltinci,55.924,37.554
2023,Benedikt,31.307,36.748
2023,Bistrica ob Sotli,15.566,16.069
2023,Bled,85.654,34.597
2023,Bloke,43.982,0.0
2023,Bohinj,63.119,24.657
2023,Borovnica,98.501,33.674
2023,Bovec,54.233,23.196
2023,Braslovče,46.016,27.188
2023,Brda,45.941,18.524
2023,Brezovica,81.372,24.3
2023,Brežice,57.531,38.708
2023,Cankova,92.158,103.062
2023,Celje,66.87,32.847
2023,Cerklje na Gorenjskem,39.654,26.103
2023,Cerknica,74.362,40.42
2023,Cerkno,77.941,45.983
2023,Cerkvenjak,67.686,50.407
2023,Cirkulane,38.575,18.527
2023,Destrnik,86.576,31.599
2023,Divača,56.961,31.297
2023,Dobje,43.11,37.028
2023,Dobrepolje,68.562,49.264
2023,Dobrna,66.229,31.434
2023,Dobrova - Polhov Gradec,54.985,24.064
2023,Dobrovnik/Dobronak,58.796,53.843
2023,Dol pri Ljubljani,46.712,32.812
2023,Dolenjske Toplice,78.933,28.997
2023,Domžale,79.523,41.278
2023,Dornava,68.986,44.826
2023,Dravograd,44.18,31.011
2023,Duplek,66.977,27.372
2023,Gorenja vas - Poljane,50.587,29.249
2023,Gorišnica,49.84,57.739
2023,Gorje,77.207,47.978
2023,Gornja Radgona,61.232,47.047
2023,Gornji Grad,56.484,62.907
2023,Gornji Petrovci,60.911,32.604
2023,Grad,50.876,19.143
2023,Grosuplje,64.433,34.368
2023,Hajdina,83.985,29.839
2023,Hodoš/Hodos,0,0.0
2023,Horjul,45.982,27.906
2023,Hoče - Slivnica,73.965,43.334
2023,Hrastnik,75.858,41.11
2023,Hrpelje - Kozina,45.816,15.439
2023,Idrija,68.884,45.1
2023,Ig,87.278,35.475
2023,Ilirska Bistrica,65.138,26.913
2023,Ivančna Gorica,76.187,34.291
2023,Izola/Isola,73.48,40.619
2023,Jesenice,100.061,54.079
2023,Jezersko,0,28.739
2023,Juršinci,56.616,70.634
2023,Kamnik,64.669,42.325
2023,Kanal,68.497,39.691
2023,Kidričevo,49.668,36.247
2023,Kobarid,50.872,26.844
2023,Kobilje,99.563,0.0
2023,Komen,74.396,24.699
2023,Komenda,59.317,50.744
2023,Koper/Capodistria,71.62,36.909
2023,Kostanjevica na Krki,24.64,7.66
2023,Kostel,127.161,53.907
2023,Kozje,62.863,47.692
2023,Kočevje,80.766,50.081
2023,Kranj,71.936,46.302
2023,Kranjska Gora,78.362,46.49
2023,Križevci,71.486,36.584
2023,Krško,72.524,51.35
2023,Kungota,78.467,72.24
2023,Kuzma,97.31,79.512
2023,Laško,44.541,23.616
2023,Lenart,42.651,35.329
2023,Lendava/Lendva,43.493,32.11
2023,Litija,59.761,53.755
2023,Ljubljana,81.092,38.817
2023,Ljubno,45.145,23.45
2023,Ljutomer,65.647,37.549
2023,Log - Dragomer,81.409,78.657
2023,Logatec,98.378,63.826
2023,Lovrenc na Pohorju,115.056,39.914
2023,Loška dolina,91.415,54.125
2023,Loški Potok,77.07,63.275
2023,Lukovica,55.917,29.888
2023,Luče,25.114,52.793
2023,Majšperk,35.958,25.785
2023,Makole,18.264,27.03
2023,Maribor,79.962,47.824
2023,Markovci,71.65,48.102
2023,Medvode,58.105,27.975
2023,Mengeš,49.396,31.936
2023,Metlika,49.302,34.702
2023,Mežica,93.847,49.228
2023,Miklavž na Dravskem polju,73.746,25.329
2023,Miren - Kostanjevica,77.43,47.477
2023,Mirna,79.572,39.746
2023,Mirna Peč,86.089,43.505
2023,Mislinja,74.502,25.046
2023,Mokronog - Trebelno,59.324,23.876
2023,Moravske Toplice,61.604,40.584
2023,Moravče,51.493,31.142
2023,Mozirje,41.414,26.858
2023,Murska Sobota,65.4,36.973
2023,Muta,73.12,53.811
2023,Naklo,72.926,29.217
2023,Nazarje,52.903,15.631
2023,Nova Gorica,68.584,40.528
2023,Novo mesto,73.911,34.405
2023,Odranci,89.029,74.988
2023,Oplotnica,47.733,22.253
2023,Ormož,50.529,37.636
2023,Osilnica,46.945,85.969
2023,Pesnica,50.339,23.052
2023,Piran/Pirano,78.471,37.952
2023,Pivka,60.641,38.355
2023,Podlehnik,39.825,9.23
2023,Podvelka,81.7,66.588
2023,Podčetrtek,20.561,22.6
2023,Poljčane,53.008,33.493
2023,Polzela,59.193,32.718
2023,Postojna,63.542,39.903
2023,Prebold,55.472,15.859
2023,Preddvor,78.822,41.131
2023,Prevalje,75.283,45.593
2023,Ptuj,63.952,42.345
2023,Puconci,61.081,28.605
2023,Radenci,79.593,41.549
2023,Radeče,57.42,40.616
2023,Radlje ob Dravi,77.008,31.655
2023,Radovljica,66.898,36.017
2023,Ravne na Koroškem,87.16,52.713
2023,Razkrižje,55.632,0.0
2023,Rače - Fram,59.339,41.893
2023,Renče - Vogrsko,20.405,4.846
2023,Rečica ob Savinji,38.451,25.161
2023,Ribnica,76.147,53.46
2023,Ribnica na Pohorju,144.637,28.802
2023,Rogatec,41.397,19.375
2023,Rogaška Slatina,40.369,32.816
2023,Rogašovci,50.819,53.31
2023,Ruše,94.773,58.129
2023,Selnica ob Dravi,61.222,35.181
2023,Semič,74.955,37.837
2023,Sevnica,47.507,39.084
2023,Sežana,53.993,27.515
2023,Slovenj Gradec,63.466,39.419
2023,Slovenska Bistrica,61.756,36.51
2023,Slovenske Konjice,59.272,41.219
2023,Sodražica,72.96,53.449
2023,Solčava,114.882,87.85
2023,Središče ob Dravi,43.29,19.892
2023,Starše,68.633,42.572
2023,Straža,93.851,47.624
2023,Sveta Ana,69.116,30.921
2023,Sveta Trojica v Slov. goricah,49.821,9.123
2023,Sveti Andraž v Slov. goricah,50.777,39.346
2023,Sveti Jurij ob Ščavnici,99.821,47.314
2023,Sveti Jurij v Slov. goricah,69.037,30.517
2023,Sveti Tomaž,71.764,37.311
2023,Tabor,53.761,28.614
2023,Tišina,76.105,17.066
2023,Tolmin,72.839,37.726
2023,Trbovlje,107.921,68.397
2023,Trebnje,60.066,36.118
2023,Trnovska vas,136.226,21.624
2023,Trzin,57.496,25.259
2023,Tržič,59.255,39.608
2023,Turnišče,59.352,22.345
2023,Velenje,65.06,37.084
2023,Velika Polana,71.311,59.108
2023,Velike Lašče,67.269,40.281
2023,Veržej,39.949,26.114
2023,Videm,44.599,24.257
2023,Vipava,56.47,52.181
2023,Vitanje,93.173,32.816
2023,Vodice,61.723,47.356
2023,Vojnik,48.7,35.779
2023,Vransko,62.456,60.418
2023,Vrhnika,60.606,41.078
2023,Vuzenica,89.087,50.547
2023,Zagorje ob Savi,68.485,35.819
2023,Zavrč,59.524,26.464
2023,Zreče,52.465,54.656
2023,Črenšovci,49.327,26.874
2023,Črna na Koroškem,103.97,40.032
2023,Črnomelj,86.453,34.403
2023,Šalovci,41.874,30.193
2023,Šempeter - Vrtojba,28.651,19.505
2023,Šentilj,77.195,36.381
2023,Šentjernej,49.547,47.207
2023,Šentjur,51.076,29.053
2023,Šentrupert,99.498,71.503
2023,Šenčur,66.071,15.646
2023,Škocjan,12.499,19.216
2023,Škofja Loka,81.351,41.516
2023,Škofljica,83.25,36.768
2023,Šmarje pri Jelšah,69.396,47.348
2023,Šmarješke Toplice,54.921,31.01
2023,Šmartno ob Paki,40.752,29.241
2023,Šmartno pri Litiji,78.093,34.489
2023,Šoštanj,64.277,22.205
2023,Štore,61.883,62.308
2023,Žalec,58.66,37.541
2023,Železniki,71.458,51.0
2023,Žetale,26.305,27.675
2023,Žiri,51.511,15.235
2023,Žirovnica,49.942,22.72
2023,Žužemberk,47.695,42.092
2024,Ajdovščina,52.625,31.166
2024,Ankaran,89.049,62.927
2024,Apače,84.358,54.101
2024,Beltinci,68.603,42.075
2024,Benedikt,61.925,32.947
2024,Bistrica ob Sotli,30.295,49.53
2024,Bled,72.568,31.385
2024,Bloke,30.283,0.0
2024,Bohinj,61.439,24.657
2024,Borovnica,98.42,38.236
2024,Bovec,37.339,23.196
2024,Braslovče,44.728,25.643
2024,Brda,51.241,18.451
2024,Brezovica,79.776,36.969
2024,Brežice,59.799,35.817
2024,Cankova,113.505,91.975
2024,Celje,67.715,32.543
2024,Cerklje na Gorenjskem,50.404,26.103
2024,Cerknica,78.118,36.042
2024,Cerkno,60.539,40.49
2024,Cerkvenjak,75.686,50.407
2024,Cirkulane,38.045,10.693
2024,Destrnik,78.471,24.047
2024,Divača,56.456,34.858
2024,Dobje,61.184,37.028
2024,Dobrepolje,58.074,42.692
2024,Dobrna,81.999,31.434
2024,Dobrova - Polhov Gradec,58.295,20.754
2024,Dobrovnik/Dobronak,70.232,53.425
2024,Dol pri Ljubljani,57.684,28.105
2024,Dolenjske Toplice,111.041,22.599
2024,Domžale,77.841,41.64
2024,Dornava,90.924,44.826
2024,Dravograd,51.495,20.685
2024,Duplek,68.48,30.141
2024,Gorenja vas - Poljane,62.239,21.332
2024,Gorišnica,53.211,52.014
2024,Gorje,91.447,27.407
2024,Gornja Radgona,54.29,41.488
2024,Gornji Grad,60.13,49.341
2024,Gornji Petrovci,63.919,37.559
2024,Grad,58.515,25.925
2024,Grosuplje,75.154,33.595
2024,Hajdina,81.553,34.003
2024,Hodoš/Hodos,28.398,0.0
2024,Horjul,44.785,27.906
2024,Hoče - Slivnica,73.294,34.34
2024,Hrastnik,78.369,43.19
2024,Hrpelje - Kozina,40.609,28.858
2024,Idrija,74.973,37.982
2024,Ig,84.446,36.062
2024,Ilirska Bistrica,65.15,26.704
2024,Ivančna Gorica,78.345,41.375
2024,Izola/Isola,79.329,34.914
2024,Jesenice,97.632,49.99
2024,Jezersko,37.283,0.0
2024,Juršinci,56.861,46.607
2024,Kamnik,70.661,38.415
2024,Kanal,59.642,31.502
2024,Kidričevo,47.816,45.029
2024,Kobarid,52.313,25.737
2024,Kobilje,99.563,0.0
2024,Komen,59.575,36.367
2024,Komenda,63.104,51.625
2024,Koper/Capodistria,72.77,35.11
2024,Kostanjevica na Krki,31.816,7.66
2024,Kostel,127.161,69.118
2024,Kozje,68.819,40.88
2024,Kočevje,85.853,56.428
2024,Kranj,79.039,43.995
2024,Kranjska Gora,82.906,42.324
2024,Križevci,67.51,36.49
2024,Krško,80.805,49.409
2024,Kungota,91.242,53.437
2024,Kuzma,92.385,88.691
2024,Laško,48.755,30.67
2024,Lenart,44.376,40.459
2024,Lendava/Lendva,52.141,34.293
2024,Litija,68.336,49.898
2024,Ljubljana,81.483,38.497
2024,Ljubno,37.145,23.45
2024,Ljutomer,68.019,37.298
2024,Log - Dragomer,81.545,70.475
2024,Logatec,102.598,44.62
2024,Lovrenc na Pohorju,116.374,59.392
2024,Loška dolina,100.93,43.637
2024,Loški Potok,82.994,72.794
2024,Lukovica,55.052,38.0
2024,Luče,58.719,52.793
2024,Majšperk,48.466,25.785
2024,Makole,27.045,27.03
2024,Maribor,80.054,46.081
2024,Markovci,70.313,38.046
2024,Medvode,56.866,29.11
2024,Mengeš,50.629,22.955
2024,Metlika,50.719,32.781
2024,Mežica,118.715,56.007
2024,Miklavž na Dravskem polju,68.635,21.995
2024,Miren - Kostanjevica,84.274,30.166
2024,Mirna,84.375,39.746
2024,Mirna Peč,83.296,28.795
2024,Mislinja,68.698,21.362
2024,Mokronog - Trebelno,52.152,29.096
2024,Moravske Toplice,71.637,34.957
2024,Moravče,68.801,38.762
2024,Mozirje,40.211,30.876
2024,Murska Sobota,65.798,34.668
2024,Muta,61.038,38.146
2024,Naklo,84.468,29.801
2024,Nazarje,51.517,7.195
2024,Nova Gorica,70.285,41.512
2024,Novo mesto,69.114,31.142
2024,Odranci,102.727,61.926
2024,Oplotnica,52.714,25.628
2024,Ormož,56.035,30.928
2024,Osilnica,79.981,85.969
2024,Pesnica,44.938,26.083
2024,Piran/Pirano,82.764,37.973
2024,Pivka,58.093,41.127
2024,Podlehnik,39.825,8.638
2024,Podvelka,75.585,63.916
2024,Podčetrtek,30.494,22.6
2024,Poljčane,52.412,32.115
2024,Polzela,53.199,44.911
2024,Postojna,68.46,30.941
2024,Prebold,44.438,26.09
2024,Preddvor,60.438,21.022
2024,Prevalje,64.056,54.517
2024,Ptuj,66.856,40.683
2024,Puconci,55.238,30.247
2024,Radenci,72.676,34.584
2024,Radeče,76.41,51.927
2024,Radlje ob Dravi,74.75,47.892
2024,Radovljica,72.394,39.574
2024,Ravne na Koroškem,94.205,51.015
2024,Razkrižje,42.443,0.0
2024,Rače - Fram,61.502,43.27
2024,Renče - Vogrsko,20.204,4.846
2024,Rečica ob Savinji,23.212,32.884
2024,Ribnica,84.449,52.57
2024,Ribnica na Pohorju,142.573,28.802
2024,Rogatec,59.631,26.017
2024,Rogaška Slatina,45.534,32.684
2024,Rogašovci,69.799,51.651
2024,Ruše,104.136,54.095
2024,Selnica ob Dravi,41.198,26.844
2024,Semič,87.393,47.868
2024,Sevnica,60.825,43.906
2024,Sežana,55.4,19.2
2024,Slovenj Gradec,76.189,37.041
2024,Slovenska Bistrica,58.834,36.37
2024,Slovenske Konjice,64.736,30.481
2024,Sodražica,87.446,42.578
2024,Solčava,138.044,87.85
2024,Središče ob Dravi,55.212,9.963
2024,Starše,76.935,22.408
2024,Straža,78.948,46.619
2024,Sveta Ana,78.881,21.008
2024,Sveta Trojica v Slov. goricah,49.045,9.123
2024,Sveti Andraž v Slov. goricah,19.293,39.346
2024,Sveti Jurij ob Ščavnici,93.075,23.964
2024,Sveti Jurij v Slov. goricah,86.163,20.918
2024,Sveti Tomaž,85.816,37.311
2024,Tabor,53.761,28.614
2024,Tišina,60.24,16.894
2024,Tolmin,74.114,34.713
2024,Trbovlje,98.659,64.853
2024,Trebnje,52.181,34.436
2024,Trnovska vas,89.163,21.624
2024,Trzin,52.006,20.24
2024,Tržič,59.654,31.518
2024,Turnišče,43.21,27.284
2024,Velenje,61.703,34.222
2024,Velika Polana,86.127,44.138
2024,Velike Lašče,67.331,36.593
2024,Veržej,39.949,35.295
2024,Videm,51.635,20.672
2024,Vipava,52.996,39.501
2024,Vitanje,82.621,23.813
2024,Vodice,72.49,41.632
2024,Vojnik,46.571,30.506
2024,Vransko,70.37,49.066
2024,Vrhnika,71.528,45.249
2024,Vuzenica,80.861,42.887
2024,Zagorje ob Savi,68.739,37.332
2024,Zavrč,71.024,26.464
2024,Zreče,63.585,54.68
2024,Črenšovci,44.112,20.038
2024,Črna na Koroškem,108.42,36.711
2024,Črnomelj,71.543,34.411
2024,Šalovci,39.425,19.442
2024,Šempeter - Vrtojba,35.563,24.325
2024,Šentilj,74.651,42.992
2024,Šentjernej,51.198,47.207
2024,Šentjur,54.224,27.423
2024,Šentrupert,99.391,70.653
2024,Šenčur,54.381,13.068
2024,Škocjan,5.755,19.216
2024,Škofja Loka,82.69,45.653
2024,Škofljica,81.741,35.344
2024,Šmarje pri Jelšah,64.737,43.875
2024,Šmarješke Toplice,40.692,29.437
2024,Šmartno ob Paki,40.752,23.444
2024,Šmartno pri Litiji,64.038,35.32
2024,Šoštanj,56.231,24.182
2024,Štore,61.593,57.962
2024,Žalec,59.208,31.836
2024,Železniki,70.098,50.702
2024,Žetale,51.875,27.675
2024,Žiri,53.187,27.52
2024,Žirovnica,60.384,13.314
2024,Žužemberk,66.861,45.057
2025,Ajdovščina,52.255,29.316
2025,Ankaran,93.81,58.246
2025,Apače,72.469,46.054
2025,Beltinci,74.596,40.615
2025,Benedikt,60.573,19.797
2025,Bistrica ob Sotli,58.029,49.53
2025,Bled,65.849,29.399
2025,Bloke,32.546,11.185
2025,Bohinj,56.547,20.663
2025,Borovnica,101.954,39.033
2025,Bovec,46.334,13.293
2025,Braslovče,47.822,32.88
2025,Brda,62.348,21.011
2025,Brezovica,78.693,32.606
2025,Brežice,59.049,33.419
2025,Cankova,128.135,102.362
2025,Celje,69.242,32.536
2025,Cerklje na Gorenjskem,60.543,23.133
2025,Cerknica,73.98,25.98
2025,Cerkno,52.341,49.229
2025,Cerkvenjak,56.156,42.037
2025,Cirkulane,38.045,13.996
2025,Destrnik,44.075,24.047
2025,Divača,74.943,43.601
2025,Dobje,18.074,15.432
2025,Dobrepolje,41.536,37.122
2025,Dobrna,91.255,31.434
2025,Dobrova - Polhov Gradec,49.706,20.193
2025,Dobrovnik/Dobronak,70.79,40.082
2025,Dol pri Ljubljani,65.189,28.011
2025,Dolenjske Toplice,93.038,33.846
2025,Domžale,77.381,44.015
2025,Dornava,84.954,43.068
2025,Dravograd,52.755,22.787
2025,Duplek,49.261,26.061
2025,Gorenja vas - Poljane,56.782,22.761
2025,Gorišnica,62.166,35.646
2025,Gorje,97.492,19.935
2025,Gornja Radgona,63.968,33.986
2025,Gornji Grad,60.13,49.341
2025,Gornji Petrovci,49.059,57.193
2025,Grad,56.694,25.925
2025,Grosuplje,69.27,36.906
2025,Hajdina,89.039,32.183
2025,Hodoš/Hodos,28.398,0.0
2025,Horjul,36.828,27.315
2025,Hoče - Slivnica,77.617,32.331
2025,Hrastnik,76.968,54.868
2025,Hrpelje - Kozina,47.927,32.094
2025,Idrija,76.998,49.143
2025,Ig,77.772,35.86
2025,Ilirska Bistrica,62.923,28.023
2025,Ivančna Gorica,77.996,39.656
2025,Izola/Isola,74.04,34.474
2025,Jesenice,101.408,56.045
2025,Jezersko,37.283,0.0
2025,Juršinci,54.282,34.584
2025,Kamnik,75.001,36.128
2025,Kanal,70.973,33.908
2025,Kidričevo,58.633,50.056
2025,Kobarid,56.114,11.659
2025,Kobilje,99.563,0.0
2025,Komen,55.713,45.487
2025,Komenda,75.267,38.14
2025,Koper/Capodistria,71.34,36.131
2025,Kostanjevica na Krki,37.888,21.762
2025,Kostel,170.119,15.211
2025,Kozje,73.473,26.354
2025,Kočevje,94.694,53.476
2025,Kranj,77.026,41.597
2025,Kranjska Gora,84.771,39.276
2025,Križevci,49.086,23.165
2025,Krško,82.547,37.661
2025,Kungota,81.799,50.155
2025,Kuzma,73.143,40.552
2025,Laško,55.038,26.823
2025,Lenart,53.373,41.62
2025,Lendava/Lendva,54.47,36.913
2025,Litija,67.92,46.184
2025,Ljubljana,80.475,36.104
2025,Ljubno,37.145,16.207
2025,Ljutomer,60.451,31.836
2025,Log - Dragomer,64.924,47.011
2025,Logatec,95.488,46.977
2025,Lovrenc na Pohorju,102.573,51.129
2025,Loška dolina,89.694,49.013
2025,Loški Potok,82.994,68.185
2025,Lukovica,53.572,38.463
2025,Luče,71.646,39.067
2025,Majšperk,48.218,21.115
2025,Makole,34.383,36.695
2025,Maribor,85.648,44.264
2025,Markovci,62.571,37.821
2025,Medvode,56.271,30.57
2025,Mengeš,51.323,24.629
2025,Metlika,50.207,26.296
2025,Mežica,109.079,45.135
2025,Miklavž na Dravskem polju,70.154,17.619
2025,Miren - Kostanjevica,81.727,30.05
2025,Mirna,68.603,22.053
2025,Mirna Peč,105.997,34.705
2025,Mislinja,53.793,26.091
2025,Mokronog - Trebelno,36.464,5.22
2025,Moravske Toplice,74.302,21.598
2025,Moravče,69.222,41.064
2025,Mozirje,43.695,24.992
2025,Murska Sobota,68.766,32.923
2025,Muta,58.096,46.886
2025,Naklo,88.897,16.935
2025,Nazarje,74.368,13.045
2025,Nova Gorica,65.649,36.866
2025,Novo mesto,63.767,29.949
2025,Odranci,105.512,36.736
2025,Oplotnica,63.067,25.546
2025,Ormož,54.124,33.315
2025,Osilnica,79.981,34.754
2025,Pesnica,44.18,23.458
2025,Piran/Pirano,85.156,41.747
2025,Pivka,71.665,33.016
2025,Podlehnik,39.611,18.775
2025,Podvelka,63.955,56.965
2025,Podčetrtek,41.357,22.6
2025,Poljčane,44.134,30.369
2025,Polzela,43.483,33.942
2025,Postojna,61.368,41.051
2025,Prebold,46.503,33.445
2025,Preddvor,47.257,13.65
2025,Prevalje,65.979,48.743
2025,Ptuj,58.655,30.569
2025,Puconci,59.201,30.247
2025,Radenci,57.654,30.063
2025,Radeče,72.301,47.299
2025,Radlje ob Dravi,88.875,51.479
2025,Radovljica,72.267,40.768
2025,Ravne na Koroškem,106.612,50.094
2025,Razkrižje,55.366,0.0
2025,Rače - Fram,75.304,34.045
2025,Renče - Vogrsko,26.29,11.29
2025,Rečica ob Savinji,38.504,40.522
2025,Ribnica,77.364,46.47
2025,Ribnica na Pohorju,94.991,28.303
2025,Rogatec,51.002,38.497
2025,Rogaška Slatina,56.135,27.764
2025,Rogašovci,80.3,32.074
2025,Ruše,92.903,48.261
2025,Selnica ob Dravi,29.439,38.646
2025,Semič,99.628,37.092
2025,Sevnica,62.094,37.353
2025,Sežana,54.962,22.839
2025,Slovenj Gradec,72.753,33.766
2025,Slovenska Bistrica,62.728,35.088
2025,Slovenske Konjice,59.343,27.662
2025,Sodražica,86.528,40.458
2025,Solčava,138.044,0.0
2025,Središče ob Dravi,54.705,0.0
2025,Starše,84.78,17.158
2025,Straža,77.483,42.076
2025,Sveta Ana,45.087,30.211
2025,Sveta Trojica v Slov. goricah,73.911,16.728
2025,Sveti Andraž v Slov. goricah,35.79,17.997
2025,Sveti Jurij ob Ščavnici,91.314,31.45
2025,Sveti Jurij v Slov. goricah,74.898,48.444
2025,Sveti Tomaž,52.489,27.414
2025,Tabor,66.149,13.963
2025,Tišina,46.139,28.293
2025,Tolmin,74.074,31.696
2025,Trbovlje,96.702,55.93
2025,Trebnje,63.761,24.104
2025,Trnovska vas,89.163,21.624
2025,Trzin,43.032,13.826
2025,Tržič,65.43,31.005
2025,Turnišče,45.112,21.492
2025,Velenje,63.218,32.152
2025,Velika Polana,81.755,66.253
2025,Velike Lašče,53.845,39.972
2025,Veržej,24.774,37.926
2025,Videm,42.751,17.437
2025,Vipava,50.876,29.981
2025,Vitanje,91.8,23.813
2025,Vodice,66.507,24.705
2025,Vojnik,48.327,23.69
2025,Vransko,68.654,49.336
2025,Vrhnika,75.136,44.012
2025,Vuzenica,85.403,51.167
2025,Zagorje ob Savi,75.821,44.72
2025,Zavrč,82.833,23.43
2025,Zreče,65.767,46.432
2025,Črenšovci,34.018,20.038
2025,Črna na Koroškem,104.337,29.774
2025,Črnomelj,74.355,31.579
2025,Šalovci,47.11,34.093
2025,Šempeter - Vrtojba,41.18,30.195
2025,Šentilj,70.012,32.325
2025,Šentjernej,62.281,37.673
2025,Šentjur,57.397,26.882
2025,Šentrupert,90.967,61.705
2025,Šenčur,45.822,16.096
2025,Škocjan,24.22,19.216
2025,Škofja Loka,87.592,41.712
2025,Škofljica,72.685,33.457
2025,Šmarje pri Jelšah,52.992,35.442
2025,Šmarješke Toplice,34.15,34.62
2025,Šmartno ob Paki,39.415,23.444
2025,Šmartno pri Litiji,50.282,37.33
2025,Šoštanj,53.576,20.777
2025,Štore,55.48,33.37
2025,Žalec,55.853,27.941
2025,Železniki,79.495,55.537
2025,Žetale,64.328,40.784
2025,Žiri,48.558,22.77
2025,Žirovnica,53.24,21.595
2025,Žužemberk,78.21,44.452
