Občina,Leto,PM10 (µg/m³),PM2.5 (µg/m³),Ozon (µg/m³),Žveplov dioksid (µg/m³),Dušikov dioksid (µg/m³),Ogljikov monoksid (µg/m³)
Braslovče,2020,16.183,12.15,46.07,1.657,10.496,174.808
Braslovče,2021,17.513,12.474,56.142,1.523,10.532,227.134
Braslovče,2022,17.644,14.181,63.543,1.582,6.881,158.588
Braslovče,2023,16.639,13.089,63.01,1.375,7.555,194.229
Braslovče,2024,13.557,11.089,63.188,0.411,4.551,179.383
Braslovče,2025,11.947,10.05,67.802,0.404,3.883,170.233
Brda,2020,16.214,11.854,59.293,1.267,11.515,183.886
Brda,2021,16.059,11.018,59.892,1.297,13.058,220.224
Brda,2022,15.615,12.193,60.336,1.257,8.238,171.939
Brda,2023,16.131,12.83,65.348,1.622,9.796,204.931
Brda,2024,13.645,11.103,68.71,0.57,5.624,185.279
Brda,2025,10.745,8.695,72.93,0.446,4.701,173.076
Brezovica,2020,18.582,14.741,51.793,1.636,13.611,201.02
Brezovica,2021,19.97,14.512,55.079,1.283,15.592,249.361
Brezovica,2022,21.902,18.372,58.372,1.62,10.905,188.272
Brezovica,2023,20.175,16.107,65.133,1.661,12.045,229.72
Brezovica,2024,18.99,16.132,58.001,0.703,8.958,214.943
Brezovica,2025,15.879,13.617,63.187,0.647,7.603,192.15
Brežice,2020,15.398,12.211,52.115,1.328,7.944,182.331
Brežice,2021,18.63,13.921,51.008,1.642,10.402,230.788
Brežice,2022,15.798,13.044,64.263,1.399,5.604,162.955
Brežice,2023,16.312,13.452,59.226,1.39,7.5,196.555
Brežice,2024,14.679,12.102,61.891,0.45,4.823,185.939
Brežice,2025,12.488,10.569,66.623,0.451,4.194,176.041
Cankova,2020,15.315,12.085,54.723,1.151,7.706,190.453
Cankova,2021,16.776,12.744,60.393,1.302,8.123,235.83
Cankova,2022,14.841,12.155,64.153,1.059,5.82,164.629
Cankova,2023,14.644,11.877,60.13,1.197,7.292,208.048
Cankova,2024,13.799,11.504,60.54,0.418,4.821,191.944
Cankova,2025,11.185,9.452,66.157,0.404,3.724,177.556
Celje,2020,18.435,13.28,44.37,1.894,12.192,182.078
Celje,2021,19.788,13.908,49.833,1.998,13.415,234.07
Celje,2022,17.861,14.654,63.306,1.519,7.007,164.07
Celje,2023,17.366,13.896,58.379,1.589,9.434,202.175
Celje,2024,15.29,12.59,61.074,0.638,5.973,188.579
Celje,2025,13.145,11.016,65.669,0.614,5.235,176.76
Cerklje na Gorenjskem,2020,14.751,11.557,62.568,1.241,8.923,172.87
Cerklje na Gorenjskem,2021,16.089,11.36,66.575,0.987,10.995,219.109
Cerklje na Gorenjskem,2022,17.119,13.731,61.274,1.128,8.483,163.664
Cerklje na Gorenjskem,2023,16.962,13.274,70.741,1.236,9.031,196.807
Cerklje na Gorenjskem,2024,13.558,11.033,63.15,0.442,5.917,179.731
Cerklje na Gorenjskem,2025,11.766,9.789,67.729,0.413,4.95,168.587
Cerknica,2020,10.035,7.558,67.035,0.821,4.163,154.921
Cerknica,2021,11.988,8.004,67.036,0.828,5.2,189.178
Cerknica,2022,11.413,8.761,70.711,1.144,3.191,138.559
Cerknica,2023,11.566,8.815,71.583,1.284,3.658,167.434
Cerknica,2024,9.655,7.328,70.136,0.334,1.83,154.304
Cerknica,2025,8.293,6.545,75.28,0.318,1.52,149.183
Cerkno,2020,11.851,8.857,64.647,0.847,5.955,153.32
Cerkno,2021,12.679,8.651,63.043,0.717,7.385,188.631
Cerkno,2022,12.429,9.303,66.465,0.836,4.345,141.631
Cerkno,2023,12.467,9.632,72.808,1.006,4.93,170.207
Cerkno,2024,9.981,7.884,69.89,0.295,2.534,156.848
Cerkno,2025,8.918,7.286,73.77,0.287,2.172,151.88
Cerkvenjak,2020,15.941,12.795,54.381,1.265,7.849,191.394
Cerkvenjak,2021,17.981,13.796,57.898,1.505,8.685,240.732
Cerkvenjak,2022,16.101,13.56,65.44,1.214,6.409,168.759
Cerkvenjak,2023,15.407,12.749,59.52,1.393,8.186,208.508
Cerkvenjak,2024,14.798,12.348,60.791,0.474,5.625,195.223
Cerkvenjak,2025,12.085,10.195,66.598,0.437,4.379,179.275
Domžale,2020,19.011,15.156,52.513,1.66,12.242,200.08
Domžale,2021,20.793,15.279,58.916,1.342,14.604,254.778
Domžale,2022,21.356,18.107,59.15,1.543,9.706,185.892
Domžale,2023,22.062,17.803,65.808,1.631,11.382,235.372
Domžale,2024,19.827,16.879,58.014,0.689,8.394,215.952
Domžale,2025,15.55,13.228,63.704,0.579,6.398,187.755
Dornava,2020,16.247,13.034,54.073,1.313,7.618,190.937
Dornava,2021,18.5,14.176,56.503,1.622,8.999,240.569
Dornava,2022,16.192,13.617,65.528,1.34,6.197,168.583
Dornava,2023,15.695,12.997,59.756,1.522,7.938,206.835
Dornava,2024,14.982,12.439,61.825,0.527,5.455,195.132
Dornava,2025,12.305,10.349,67.363,0.463,4.359,179.606
Dravograd,2020,15.069,11.618,47.919,1.035,8.15,170.954
Dravograd,2021,16.546,11.969,54.61,1.141,9.726,219.16
Dravograd,2022,16.047,12.527,62.251,1.006,6.505,154.26
Dravograd,2023,15.619,12.057,61.479,1.201,8.145,189.969
Dravograd,2024,12.794,10.534,60.838,0.37,5.468,177.052
Dravograd,2025,11.248,9.361,66.463,0.383,4.307,166.133
Duplek,2020,16.584,13.76,51.319,1.328,8.67,196.792
Duplek,2021,18.456,14.136,55.766,1.599,9.676,244.178
Duplek,2022,18.018,15.224,64.179,1.259,8.001,171.995
Duplek,2023,16.373,13.374,59.426,1.454,9.701,218.005
Duplek,2024,15.86,13.242,60.278,0.558,7.166,202.214
Duplek,2025,13.194,11.154,66.094,0.497,5.664,184.558
Gorenja vas - Poljane,2020,12.701,9.799,64.303,1.0,7.069,160.082
Gorenja vas - Poljane,2021,13.844,9.592,63.065,0.801,8.676,199.574
Gorenja vas - Poljane,2022,14.013,10.709,64.401,0.942,5.86,144.755
Gorenja vas - Poljane,2023,13.73,10.656,72.503,1.111,6.056,177.595
Gorenja vas - Poljane,2024,11.147,8.923,67.112,0.344,3.473,164.122
Gorenja vas - Poljane,2025,9.988,8.263,71.718,0.332,3.062,157.858
Gorišnica,2020,16.337,13.0,54.606,1.266,7.145,188.985
Gorišnica,2021,18.642,14.293,57.418,1.541,8.467,239.966
Gorišnica,2022,15.807,13.247,65.966,1.307,5.564,167.121
Gorišnica,2023,15.569,12.938,59.387,1.422,7.193,202.694
Gorišnica,2024,14.931,12.399,62.45,0.481,4.895,193.285
Gorišnica,2025,12.25,10.293,67.981,0.442,3.901,178.587
Gorje,2020,9.874,7.22,64.308,0.604,4.583,142.779
Gorje,2021,10.894,7.239,64.005,0.5,5.949,177.021
Gorje,2022,10.847,7.771,66.265,0.621,3.85,132.722
Gorje,2023,10.517,7.816,71.72,0.695,3.797,154.382
Gorje,2024,7.867,5.934,70.036,0.199,1.664,142.756
Gorje,2025,7.691,6.133,73.912,0.214,1.503,141.617
Gornja Radgona,2020,15.575,12.501,54.815,1.223,7.926,193.477
Gornja Radgona,2021,17.255,13.241,59.591,1.372,8.43,241.442
Gornja Radgona,2022,15.704,13.082,65.094,1.083,6.269,168.275
Gornja Radgona,2023,15.07,12.356,60.181,1.252,7.92,211.973
Gornja Radgona,2024,14.445,12.099,59.948,0.436,5.517,196.638
Gornja Radgona,2025,11.849,10.03,65.591,0.412,4.217,180.817
Gornji Grad,2020,13.187,9.959,57.368,1.368,6.736,158.737
Gornji Grad,2021,14.702,10.285,64.901,1.207,7.438,207.463
Gornji Grad,2022,14.675,11.32,66.861,1.18,4.831,144.856
Gornji Grad,2023,14.341,11.037,70.775,1.23,5.12,174.668
Gornji Grad,2024,10.964,8.623,68.664,0.336,2.564,159.491
Gornji Grad,2025,9.739,7.908,73.055,0.322,2.126,154.943
Gornji Petrovci,2020,14.819,11.487,53.015,1.13,6.833,185.332
Gornji Petrovci,2021,16.307,12.112,57.237,1.272,7.577,227.853
Gornji Petrovci,2022,13.718,11.026,62.537,1.162,5.138,157.566
Gornji Petrovci,2023,14.113,11.218,58.645,1.275,6.331,198.32
Gornji Petrovci,2024,12.628,10.383,62.653,0.418,3.83,183.741
Gornji Petrovci,2025,10.218,8.548,67.701,0.417,3.007,171.397
Grad,2020,14.692,11.483,54.468,1.092,7.135,186.027
Grad,2021,16.162,12.088,58.622,1.238,7.876,228.897
Grad,2022,13.957,11.217,62.975,1.09,5.47,159.418
Grad,2023,14.088,11.22,60.14,1.2,6.643,201.034
Grad,2024,12.798,10.572,62.901,0.417,4.096,185.436
Grad,2025,10.419,8.726,68.117,0.412,3.176,172.699
Grosuplje,2020,13.858,10.594,53.5,1.218,9.658,175.078
Grosuplje,2021,16.082,11.343,57.315,1.039,11.239,220.954
Grosuplje,2022,16.294,13.273,63.849,1.271,7.652,163.908
Grosuplje,2023,15.884,12.411,64.268,1.308,9.208,196.674
Grosuplje,2024,13.748,11.331,62.11,0.394,6.084,181.096
Grosuplje,2025,11.345,9.465,67.709,0.364,5.15,166.968
Hajdina,2020,16.45,13.326,52.841,1.431,8.788,193.666
Hajdina,2021,18.824,14.415,55.19,1.804,10.081,244.422
Hajdina,2022,16.957,14.293,64.673,1.487,7.201,172.16
Hajdina,2023,16.052,13.212,59.678,1.718,9.406,212.627
Hajdina,2024,15.512,12.892,61.334,0.661,6.703,199.936
Hajdina,2025,12.787,10.75,66.777,0.572,5.473,183.163
Hodoš Hodos,2020,14.799,11.434,52.381,1.177,6.254,184.755
Hodoš Hodos,2021,16.368,12.116,56.278,1.316,7.185,227.414
Hodoš Hodos,2022,13.559,10.894,62.115,1.232,4.752,156.521
Hodoš Hodos,2023,14.128,11.25,57.822,1.358,5.887,196.397
Hodoš Hodos,2024,12.538,10.282,62.763,0.425,3.514,182.388
Hodoš Hodos,2025,10.091,8.431,67.878,0.424,2.771,170.408
Horjul,2020,13.861,10.863,62.822,1.237,7.817,169.279
Horjul,2021,15.189,10.616,62.2,0.942,9.309,210.484
Horjul,2022,15.952,12.609,64.027,1.197,6.788,158.923
Horjul,2023,14.981,11.769,72.121,1.315,6.534,186.759
Horjul,2024,12.842,10.464,65.756,0.417,3.858,173.024
Horjul,2025,11.125,9.278,70.775,0.383,3.324,164.194
Hoče - Slivnica,2020,16.044,13.047,51.896,1.316,8.959,187.146
Hoče - Slivnica,2021,17.947,13.437,56.197,1.621,9.822,231.273
Hoče - Slivnica,2022,17.583,14.756,65.203,1.376,8.006,165.251
Hoče - Slivnica,2023,15.261,12.336,61.37,1.431,9.152,199.929
Hoče - Slivnica,2024,14.4,11.734,63.412,0.542,6.775,187.759
Hoče - Slivnica,2025,12.411,10.334,68.664,0.531,5.775,176.8
Hrastnik,2020,15.796,11.932,48.361,1.754,10.228,174.187
Hrastnik,2021,17.378,12.355,58.049,1.586,9.628,225.116
Hrastnik,2022,17.175,13.844,65.698,1.499,6.219,159.47
Hrastnik,2023,16.606,13.032,65.183,1.422,6.875,191.183
Hrastnik,2024,13.868,11.313,66.156,0.477,3.999,177.842
Hrastnik,2025,11.683,9.706,71.271,0.456,3.305,167.592
Hrpelje - Kozina,2020,11.114,8.278,67.491,0.879,6.197,164.982
Hrpelje - Kozina,2021,12.832,8.243,66.433,1.05,8.014,199.9
Hrpelje - Kozina,2022,12.593,9.701,67.728,1.476,4.582,148.756
Hrpelje - Kozina,2023,12.752,9.89,72.833,1.894,5.91,182.574
Hrpelje - Kozina,2024,10.929,8.465,70.917,0.513,3.08,164.912
Hrpelje - Kozina,2025,9.011,7.167,75.993,0.422,2.515,157.282
Idrija,2020,12.71,9.768,65.788,0.976,6.393,160.152
Idrija,2021,13.764,9.462,63.367,0.841,7.982,197.311
Idrija,2022,13.941,10.798,66.246,1.02,5.02,149.058
Idrija,2023,13.609,10.671,73.973,1.184,5.309,176.985
Idrija,2024,11.321,9.101,68.448,0.354,2.917,164.141
Idrija,2025,9.813,8.111,73.081,0.33,2.486,157.227
Ig,2020,13.687,10.413,55.85,1.249,9.143,175.435
Ig,2021,15.726,11.061,58.659,1.001,10.768,219.41
Ig,2022,16.849,13.723,63.646,1.369,7.781,165.34
Ig,2023,15.427,12.033,66.255,1.333,8.305,195.09
Ig,2024,13.366,10.945,62.656,0.394,5.577,179.547
Ig,2025,11.071,9.221,68.459,0.361,4.709,166.149
Juršinci,2020,16.247,13.034,54.073,1.313,7.618,190.937
Juršinci,2021,18.5,14.176,56.503,1.622,8.999,240.569
Juršinci,2022,16.192,13.617,65.528,1.34,6.197,168.583
Juršinci,2023,15.695,12.997,59.756,1.522,7.938,206.835
Juršinci,2024,14.982,12.439,61.825,0.527,5.455,195.132
Juršinci,2025,12.305,10.349,67.363,0.463,4.359,179.606
Kamnik,2020,13.325,10.192,62.207,1.216,6.521,160.543
Kamnik,2021,14.755,10.229,68.183,1.022,8.147,207.419
Kamnik,2022,15.351,12.02,65.91,1.053,5.28,148.321
Kamnik,2023,15.016,11.528,72.374,1.152,5.801,177.191
Kamnik,2024,11.229,8.864,67.818,0.352,3.168,161.264
Kamnik,2025,9.768,7.922,71.999,0.342,2.562,154.708
Kanal,2020,13.569,9.782,61.107,0.998,10.339,166.215
Kanal,2021,13.803,9.263,60.973,0.943,11.496,200.578
Kanal,2022,13.637,10.421,63.774,0.984,6.491,149.406
Kanal,2023,13.658,10.716,68.369,1.258,8.427,184.317
Kanal,2024,11.005,8.778,70.845,0.393,4.2,167.133
Kanal,2025,9.277,7.539,74.788,0.341,3.863,160.352
Kidričevo,2020,16.351,13.271,51.382,1.416,8.869,193.656
Kidričevo,2021,18.59,14.153,54.414,1.795,10.204,243.166
Kidričevo,2022,17.778,14.999,64.115,1.556,7.844,171.881
Kidričevo,2023,15.946,13.034,59.551,1.663,9.492,211.967
Kidričevo,2024,15.337,12.729,61.024,0.656,6.992,200.233
Kidričevo,2025,12.885,10.86,66.49,0.577,5.809,184.424
Kobarid,2020,10.893,8.03,59.379,0.685,5.854,149.218
Kobarid,2021,11.086,7.502,61.256,0.582,7.09,182.478
Kobarid,2022,11.37,8.221,63.017,0.659,4.019,134.437
Kobarid,2023,11.18,8.632,67.41,0.777,4.519,164.44
Kobarid,2024,8.4,6.48,69.852,0.218,2.327,150.916
Kobarid,2025,7.735,6.2,73.385,0.209,2.018,147.437
Ilirska Bistrica,2020,9.117,6.784,70.615,0.761,2.937,149.249
Ilirska Bistrica,2021,10.723,7.025,71.082,0.851,3.892,181.41
Ilirska Bistrica,2022,10.208,7.696,73.633,1.355,2.313,134.138
Ilirska Bistrica,2023,10.693,8.045,73.258,1.439,2.995,160.823
Ilirska Bistrica,2024,8.799,6.325,73.791,0.347,1.286,146.253
Ilirska Bistrica,2025,7.586,5.77,77.935,0.311,1.08,142.934
Ivančna Gorica,2020,14.206,10.886,49.171,1.242,10.491,174.831
Ivančna Gorica,2021,16.467,11.715,54.654,1.146,11.301,222.568
Ivančna Gorica,2022,15.659,12.667,63.661,1.2,7.216,160.644
Ivančna Gorica,2023,16.32,12.821,60.992,1.262,9.477,197.365
Ivančna Gorica,2024,14.081,11.681,61.318,0.377,6.076,182.476
Ivančna Gorica,2025,11.482,9.634,66.798,0.35,5.22,168.244
IzolaIsola,2020,15.298,10.156,63.128,1.436,14.019,179.807
IzolaIsola,2021,14.757,9.057,63.608,2.257,14.781,218.327
IzolaIsola,2022,14.926,11.514,60.755,3.192,12.013,171.79
IzolaIsola,2023,15.522,11.715,68.488,3.613,14.47,203.979
IzolaIsola,2024,13.486,10.431,68.632,1.512,9.796,185.443
IzolaIsola,2025,10.454,8.022,75.497,0.846,7.466,170.389
Jesenice,2020,11.704,8.723,59.034,0.677,7.704,164.621
Jesenice,2021,12.907,8.873,59.04,0.528,9.008,196.971
Jesenice,2022,12.905,9.526,61.715,0.672,5.955,153.006
Jesenice,2023,12.596,9.542,67.105,0.76,7.252,180.554
Jesenice,2024,9.984,7.967,64.24,0.274,4.174,164.154
Jesenice,2025,9.339,7.683,69.102,0.296,3.529,158.466
Jezersko,2020,11.461,8.654,68.111,0.863,5.096,149.76
Jezersko,2021,12.917,8.843,69.907,0.699,7.075,192.371
Jezersko,2022,13.296,9.976,65.854,0.807,5.128,140.117
Jezersko,2023,12.97,9.802,73.153,0.895,5.059,163.017
Jezersko,2024,9.711,7.531,68.715,0.258,2.855,152.023
Jezersko,2025,8.984,7.234,73.287,0.27,2.425,148.153
Kobilje,2020,16.66,12.736,50.238,1.221,7.259,189.433
Kobilje,2021,18.369,13.681,56.325,1.399,7.822,238.203
Kobilje,2022,14.858,12.239,62.419,1.409,4.98,163.48
Kobilje,2023,15.485,12.723,54.874,1.394,6.84,204.086
Kobilje,2024,14.221,11.847,60.86,0.448,4.345,191.442
Kobilje,2025,11.246,9.491,66.754,0.437,3.38,176.294
Komen,2020,14.187,10.222,64.206,1.071,8.518,172.22
Komen,2021,14.603,9.661,62.54,1.163,10.281,208.367
Komen,2022,14.577,11.386,63.915,1.311,5.921,155.899
Komen,2023,14.334,11.263,70.226,1.687,6.921,191.038
Komen,2024,12.064,9.621,69.695,0.494,3.578,172.952
Komen,2025,9.796,7.92,74.198,0.402,2.968,163.191
Komenda,2020,14.181,11.063,63.914,1.225,7.055,167.47
Komenda,2021,15.479,10.913,69.069,0.987,9.15,214.347
Komenda,2022,16.591,13.279,63.897,1.052,6.33,156.976
Komenda,2023,16.153,12.58,72.615,1.171,6.701,186.513
Komenda,2024,12.492,10.089,66.015,0.378,3.967,170.057
Komenda,2025,10.818,8.93,70.241,0.356,3.203,160.87
Koper Capodistria,2020,14.729,10.147,62.569,1.406,14.613,180.78
Koper Capodistria,2021,14.891,9.318,62.836,1.963,14.603,218.869
Koper Capodistria,2022,14.605,11.361,61.676,2.988,10.904,171.281
Koper Capodistria,2023,15.55,11.977,66.806,3.652,15.225,204.222
Koper Capodistria,2024,13.332,10.3,67.46,1.362,9.301,184.674
Koper Capodistria,2025,10.511,8.062,73.445,0.846,7.462,170.499
Kostanjevica na Krki,2020,13.798,10.816,55.42,1.214,6.095,173.808
Kostanjevica na Krki,2021,16.848,12.32,54.039,1.496,8.06,220.273
Kostanjevica na Krki,2022,14.731,12.031,65.927,1.378,4.846,155.169
Kostanjevica na Krki,2023,15.169,12.333,61.147,1.338,5.616,185.877
Kostanjevica na Krki,2024,13.058,10.501,65.611,0.411,3.276,174.763
Kostanjevica na Krki,2025,11.081,9.211,70.691,0.426,2.806,166.858
Križevci,2020,17.382,13.578,51.625,1.226,8.185,191.893
Križevci,2021,19.313,14.639,57.472,1.461,8.599,243.032
Križevci,2022,16.01,13.424,64.02,1.279,5.788,169.225
Križevci,2023,16.057,13.336,56.614,1.381,7.878,207.947
Križevci,2024,15.297,12.81,60.863,0.479,5.281,196.891
Križevci,2025,12.319,10.411,66.847,0.459,4.16,180.393
Krško,2020,15.283,11.988,50.931,1.318,8.921,179.594
Krško,2021,18.489,13.651,51.08,1.598,10.671,228.146
Krško,2022,15.677,12.928,64.229,1.352,5.718,160.621
Krško,2023,16.554,13.541,59.037,1.377,8.213,195.377
Krško,2024,14.587,12.033,61.953,0.452,4.979,184.126
Krško,2025,12.233,10.305,66.663,0.451,4.406,173.637
Kungota,2020,13.691,11.144,52.418,1.208,6.881,182.133
Kungota,2021,15.621,11.571,60.159,1.26,8.107,223.296
Kungota,2022,15.29,12.27,66.19,1.009,6.77,156.551
Kungota,2023,13.186,10.341,64.45,1.244,7.134,191.843
Kungota,2024,12.458,10.081,63.606,0.433,4.95,179.425
Kungota,2025,10.997,9.097,68.838,0.396,4.04,171.772
Kuzma,2020,14.509,11.491,55.09,1.087,7.615,189.277
Kuzma,2021,16.098,12.128,59.269,1.224,8.396,231.995
Kuzma,2022,14.249,11.468,63.045,1.033,5.921,162.866
Kuzma,2023,14.172,11.288,60.49,1.161,7.23,205.541
Kuzma,2024,13.1,10.867,61.834,0.405,4.64,189.19
Kuzma,2025,10.715,8.998,67.275,0.402,3.545,175.625
Laško,2020,16.019,11.819,49.058,1.667,9.317,176.207
Laško,2021,17.861,12.733,53.957,1.708,10.019,227.606
Laško,2022,16.913,13.819,65.438,1.437,5.914,159.376
Laško,2023,16.199,12.939,62.113,1.391,6.772,192.072
Laško,2024,13.812,11.296,64.686,0.466,3.97,179.507
Laško,2025,11.573,9.689,69.338,0.439,3.262,168.998
Kočevje,2020,10.579,8.123,61.377,0.909,4.139,158.294
Kočevje,2021,12.954,9.02,58.259,0.956,4.37,196.108
Kočevje,2022,11.67,9.139,68.791,1.254,3.195,141.366
Kočevje,2023,12.524,9.646,61.289,1.305,4.023,169.632
Kočevje,2024,10.576,8.113,65.52,0.351,2.363,159.459
Kočevje,2025,9.196,7.341,70.986,0.382,1.991,153.992
Kostel,2020,10.272,7.942,61.538,0.936,3.496,157.636
Kostel,2021,12.531,8.771,57.027,0.985,3.702,194.337
Kostel,2022,11.255,8.758,68.65,1.364,2.768,139.559
Kostel,2023,12.029,9.293,60.921,1.368,3.327,168.062
Kostel,2024,10.155,7.693,66.321,0.338,1.94,157.308
Kostel,2025,8.9,7.085,71.603,0.361,1.628,153.115
Kozje,2020,14.755,11.52,55.231,1.432,7.046,177.901
Kozje,2021,17.666,13.164,54.055,1.655,9.035,227.676
Kozje,2022,15.518,12.811,66.237,1.445,5.148,159.703
Kozje,2023,15.157,12.42,62.598,1.363,6.092,191.525
Kozje,2024,13.825,11.264,64.558,0.437,3.882,179.864
Kozje,2025,11.665,9.804,69.404,0.423,3.315,170.978
Kranj,2020,15.692,12.4,60.477,1.237,10.912,175.452
Kranj,2021,17.004,12.139,62.737,1.038,12.765,222.019
Kranj,2022,17.273,13.777,60.092,1.157,9.055,164.298
Kranj,2023,18.04,14.179,68.232,1.303,10.889,200.198
Kranj,2024,14.87,12.159,61.441,0.55,7.479,183.463
Kranj,2025,13.048,10.824,66.468,0.531,6.821,171.534
Kranjska Gora,2020,9.728,7.024,59.344,0.538,5.094,139.56
Kranjska Gora,2021,10.352,7.004,60.937,0.443,6.34,172.588
Kranjska Gora,2022,10.907,7.695,63.97,0.64,4.607,131.416
Kranjska Gora,2023,10.114,7.533,68.234,0.614,4.027,150.922
Kranjska Gora,2024,7.656,5.838,69.157,0.185,2.06,141.572
Kranjska Gora,2025,7.395,5.899,73.11,0.194,1.784,140.051
Mežica,2020,13.491,10.091,53.119,0.795,6.59,162.934
Mežica,2021,14.553,10.405,57.866,0.823,8.346,212.467
Mežica,2022,14.851,11.038,62.257,0.793,5.784,145.633
Mežica,2023,14.299,10.742,63.673,0.94,6.594,179.312
Mežica,2024,11.363,9.257,61.718,0.272,4.248,171.943
Mežica,2025,9.992,8.319,67.469,0.288,3.216,161.607
Miklavž na Dravskem polju,2020,17.02,14.118,49.306,1.413,10.423,196.345
Miklavž na Dravskem polju,2021,18.729,13.992,55.727,1.678,10.814,238.056
Miklavž na Dravskem polju,2022,18.085,15.16,63.937,1.313,8.866,170.209
Miklavž na Dravskem polju,2023,16.494,13.272,59.267,1.546,11.851,213.857
Miklavž na Dravskem polju,2024,15.901,12.899,61.28,0.647,8.724,196.735
Miklavž na Dravskem polju,2025,13.639,11.236,66.744,0.633,7.579,182.664
Miren - Kostanjevica,2020,15.189,10.837,62.632,1.217,9.838,177.544
Miren - Kostanjevica,2021,15.271,10.105,61.964,1.339,11.539,214.312
Miren - Kostanjevica,2022,15.408,12.018,61.687,1.474,7.451,163.954
Miren - Kostanjevica,2023,15.125,11.838,68.01,1.826,8.263,197.167
Miren - Kostanjevica,2024,12.694,10.15,69.299,0.548,4.432,178.055
Miren - Kostanjevica,2025,10.13,8.145,73.909,0.435,3.684,166.826
Mirna,2020,14.61,11.198,48.721,1.308,9.36,175.854
Mirna,2021,17.142,12.204,53.379,1.32,10.218,224.48
Mirna,2022,15.753,12.8,64.73,1.266,6.119,160.294
Mirna,2023,16.69,13.157,60.14,1.293,7.957,195.44
Mirna,2024,14.112,11.622,62.708,0.401,4.924,181.824
Mirna,2025,11.56,9.68,68.028,0.388,4.129,169.043
Mirna Peč,2020,13.506,10.316,50.818,1.082,7.878,171.738
Mirna Peč,2021,16.171,11.411,52.011,1.151,9.245,218.751
Mirna Peč,2022,14.921,12.112,63.772,1.196,6.127,156.147
Mirna Peč,2023,15.749,12.423,57.482,1.209,7.561,188.664
Mirna Peč,2024,13.019,10.542,61.408,0.353,4.828,176.58
Mirna Peč,2025,11.037,9.16,66.56,0.359,4.267,166.509
Mislinja,2020,13.491,10.091,53.119,0.795,6.59,162.934
Mislinja,2021,14.553,10.405,57.866,0.823,8.346,212.467
Mislinja,2022,14.851,11.038,62.257,0.793,5.784,145.633
Mislinja,2023,14.299,10.742,63.673,0.94,6.594,179.312
Mislinja,2024,11.363,9.257,61.718,0.272,4.248,171.943
Mislinja,2025,9.992,8.319,67.469,0.288,3.216,161.607
Mokronog - Trebelno,2020,14.503,11.1,49.473,1.283,8.367,176.119
Mokronog - Trebelno,2021,17.253,12.302,52.517,1.372,9.741,224.904
Mokronog - Trebelno,2022,15.703,12.842,64.936,1.255,5.569,159.876
Mokronog - Trebelno,2023,16.631,13.235,59.581,1.267,7.215,193.995
Mokronog - Trebelno,2024,13.912,11.432,62.662,0.377,4.329,181.361
Mokronog - Trebelno,2025,11.448,9.589,67.753,0.364,3.568,169.454
Moravče,2020,14.941,11.553,54.607,1.484,8.669,173.342
Moravče,2021,16.652,11.873,62.1,1.235,9.526,220.713
Moravče,2022,16.609,13.389,65.021,1.247,6.004,159.928
Moravče,2023,16.921,13.304,68.145,1.364,7.041,193.668
Moravče,2024,13.557,11.122,65.282,0.408,4.022,176.175
Moravče,2025,11.282,9.39,70.161,0.368,3.153,165.01
Moravske Toplice,2020,17.378,13.187,49.956,1.187,8.138,191.343
Moravske Toplice,2021,18.759,13.966,56.877,1.388,8.243,240.294
Moravske Toplice,2022,15.345,12.737,62.611,1.248,5.464,166.138
Moravske Toplice,2023,15.797,13.004,54.99,1.347,7.605,208.253
Moravske Toplice,2024,14.722,12.326,59.944,0.454,4.937,195.112
Moravske Toplice,2025,11.629,9.853,66.126,0.436,3.828,178.48
Mozirje,2020,13.508,10.172,53.676,1.278,6.846,160.648
Mozirje,2021,14.804,10.417,61.442,1.209,7.642,209.088
Mozirje,2022,15.392,11.853,65.077,1.342,5.343,141.892
Mozirje,2023,14.056,10.776,67.612,1.277,5.298,175.258
Mozirje,2024,10.898,8.541,66.359,0.323,2.888,162.196
Mozirje,2025,10.074,8.243,70.657,0.333,2.421,158.568
Ajdovščina,2020,13.123,9.962,65.741,0.953,7.049,166.459
Ajdovščina,2021,14.352,9.686,62.748,0.968,9.01,202.976
Ajdovščina,2022,14.033,10.994,66.272,1.213,4.981,150.996
Ajdovščina,2023,14.08,11.143,72.586,1.491,6.043,185.261
Ajdovščina,2024,12.143,9.746,68.555,0.448,3.254,169.675
Ajdovščina,2025,10.009,8.161,73.22,0.388,2.686,160.08
Apače,2020,15.575,12.501,54.815,1.223,7.926,193.477
Apače,2021,17.255,13.241,59.591,1.372,8.43,241.442
Apače,2022,15.704,13.082,65.094,1.083,6.269,168.275
Apače,2023,15.07,12.356,60.181,1.252,7.92,211.973
Apače,2024,14.445,12.099,59.948,0.436,5.517,196.638
Apače,2025,11.849,10.03,65.591,0.412,4.217,180.817
Beltinci,2020,17.378,13.187,49.956,1.187,8.138,191.343
Beltinci,2021,18.759,13.966,56.877,1.388,8.243,240.294
Beltinci,2022,15.345,12.737,62.611,1.248,5.464,166.138
Beltinci,2023,15.797,13.004,54.99,1.347,7.605,208.253
Beltinci,2024,14.722,12.326,59.944,0.454,4.937,195.112
Beltinci,2025,11.629,9.853,66.126,0.436,3.828,178.48
Benedikt,2020,15.238,12.462,53.723,1.23,7.719,194.254
Benedikt,2021,17.123,13.197,58.388,1.363,8.591,241.788
Benedikt,2022,16.021,13.361,65.07,1.071,6.519,167.194
Benedikt,2023,15.048,12.303,60.606,1.255,8.067,212.536
Benedikt,2024,14.435,12.08,59.634,0.439,5.763,196.936
Benedikt,2025,11.955,10.134,65.106,0.406,4.366,181.474
Bistrica ob Sotli,2020,15.616,12.406,54.987,1.418,7.266,184.128
Bistrica ob Sotli,2021,18.797,14.244,52.663,1.697,9.709,234.613
Bistrica ob Sotli,2022,15.834,13.115,65.117,1.455,5.344,163.866
Bistrica ob Sotli,2023,15.699,13.002,61.917,1.403,6.449,196.826
Bistrica ob Sotli,2024,14.878,12.277,63.124,0.455,4.376,187.083
Bistrica ob Sotli,2025,12.652,10.736,67.853,0.44,3.792,177.791
Bled,2020,12.663,9.702,61.333,0.761,7.712,161.991
Bled,2021,13.721,9.649,60.507,0.59,9.661,201.726
Bled,2022,13.906,10.567,62.663,0.716,6.104,148.473
Bled,2023,14.098,10.873,68.036,0.823,7.734,181.156
Bled,2024,11.188,9.121,63.283,0.282,4.799,167.721
Bled,2025,10.393,8.687,68.056,0.299,4.313,159.768
Bloke,2020,9.871,7.432,66.83,0.821,3.838,152.906
Bloke,2021,11.848,7.967,67.486,0.831,4.765,188.003
Bloke,2022,11.108,8.508,71.263,1.128,2.945,135.811
Bloke,2023,11.432,8.658,71.327,1.238,3.341,165.496
Bloke,2024,9.503,7.123,70.819,0.325,1.672,152.891
Bloke,2025,8.155,6.427,75.789,0.31,1.395,148.139
Bohinj,2020,10.782,7.948,64.408,0.704,5.067,147.689
Bohinj,2021,11.644,7.804,63.277,0.595,6.443,182.5
Bohinj,2022,11.579,8.459,66.706,0.704,3.954,136.471
Bohinj,2023,11.408,8.641,72.079,0.817,4.142,162.001
Bohinj,2024,8.721,6.69,70.15,0.236,2.053,149.186
Bohinj,2025,8.193,6.624,73.933,0.246,1.806,146.581
Borovnica,2020,13.909,10.84,59.053,1.216,8.543,173.197
Borovnica,2021,15.577,10.98,59.335,0.941,10.082,216.229
Borovnica,2022,16.115,12.889,63.554,1.237,6.917,158.566
Borovnica,2023,15.235,11.963,68.692,1.331,7.104,192.694
Borovnica,2024,13.793,11.424,62.67,0.408,4.604,180.249
Borovnica,2025,11.554,9.743,68.349,0.375,3.762,167.672
Bovec,2020,10.097,7.485,58.519,0.642,5.361,142.378
Bovec,2021,10.474,7.133,61.03,0.499,6.492,174.56
Bovec,2022,10.822,7.705,62.767,0.671,4.134,128.299
Bovec,2023,10.488,7.985,66.758,0.672,3.915,156.187
Bovec,2024,7.898,6.084,69.051,0.204,2.076,145.089
Bovec,2025,7.502,6.026,73.13,0.202,1.757,142.485
Murska Sobota,2020,17.419,13.307,51.147,1.198,8.755,192.401
Murska Sobota,2021,18.746,14.052,58.071,1.403,8.623,241.041
Murska Sobota,2022,15.692,13.086,63.218,1.187,5.949,168.695
Murska Sobota,2023,15.846,13.041,56.365,1.326,8.273,210.671
Murska Sobota,2024,14.951,12.524,59.823,0.474,5.466,196.629
Murska Sobota,2025,11.92,10.085,65.969,0.455,4.265,179.888
Muta,2020,12.751,9.853,50.047,0.894,6.639,164.631
Muta,2021,14.745,10.505,56.594,0.986,8.036,206.891
Muta,2022,14.47,11.017,64.902,0.855,5.473,144.87
Muta,2023,13.636,10.279,64.646,1.046,6.176,179.593
Muta,2024,10.705,8.636,64.229,0.284,3.709,166.901
Muta,2025,9.744,8.046,69.415,0.306,2.878,160.893
Naklo,2020,15.692,12.4,60.477,1.237,10.912,175.452
Naklo,2021,17.004,12.139,62.737,1.038,12.765,222.019
Naklo,2022,17.273,13.777,60.092,1.157,9.055,164.298
Naklo,2023,18.04,14.179,68.232,1.303,10.889,200.198
Naklo,2024,14.87,12.159,61.441,0.55,7.479,183.463
Naklo,2025,13.048,10.824,66.468,0.531,6.821,171.534
Nazarje,2020,13.508,10.172,53.676,1.278,6.846,160.648
Nazarje,2021,14.804,10.417,61.442,1.209,7.642,209.088
Nazarje,2022,15.392,11.853,65.077,1.342,5.343,141.892
Nazarje,2023,14.056,10.776,67.612,1.277,5.298,175.258
Nazarje,2024,10.898,8.541,66.359,0.323,2.888,162.196
Nazarje,2025,10.074,8.243,70.657,0.333,2.421,158.568
Nova Gorica,2020,16.035,11.548,60.921,1.182,11.297,177.417
Nova Gorica,2021,15.656,10.601,60.712,1.208,12.711,213.17
Nova Gorica,2022,15.238,11.928,62.968,1.262,7.397,163.886
Nova Gorica,2023,15.59,12.389,67.714,1.596,9.097,198.073
Nova Gorica,2024,13.092,10.545,70.344,0.549,5.044,179.432
Nova Gorica,2025,10.587,8.562,74.384,0.464,4.331,168.106
Novo mesto,2020,14.995,11.555,48.159,1.157,9.351,176.241
Novo mesto,2021,17.997,12.684,49.09,1.307,10.842,225.086
Novo mesto,2022,15.551,12.757,62.409,1.235,6.565,159.953
Novo mesto,2023,17.579,13.928,54.472,1.295,9.557,195.33
Novo mesto,2024,14.548,11.828,59.849,0.421,6.045,183.214
Novo mesto,2025,12.221,10.1,64.997,0.431,5.319,170.914
Odranci,2020,17.651,13.705,50.607,1.216,7.662,192.933
Odranci,2021,19.632,14.823,56.827,1.465,8.362,244.772
Odranci,2022,15.862,13.224,63.325,1.349,5.349,168.278
Odranci,2023,16.283,13.539,55.427,1.393,7.333,208.426
Odranci,2024,15.447,12.986,60.876,0.466,4.876,198.322
Odranci,2025,12.284,10.446,66.816,0.443,3.778,180.966
Oplotnica,2020,15.891,12.781,52.623,1.452,8.316,186.707
Oplotnica,2021,18.079,13.616,54.35,1.709,9.738,233.862
Oplotnica,2022,17.183,14.331,65.751,1.592,7.094,166.936
Oplotnica,2023,15.42,12.603,61.179,1.488,7.884,201.648
Oplotnica,2024,14.57,11.961,62.542,0.539,5.588,190.165
Oplotnica,2025,12.459,10.467,67.651,0.509,4.651,178.764
Ormož,2020,17.082,13.509,53.46,1.256,7.388,189.511
Ormož,2021,19.548,14.941,56.986,1.525,8.636,243.322
Ormož,2022,15.846,13.213,65.235,1.341,5.389,166.987
Ormož,2023,16.083,13.376,57.828,1.405,7.359,204.013
Ormož,2024,15.535,12.938,62.085,0.486,5.0,195.496
Ormož,2025,12.623,10.633,67.747,0.455,4.001,180.455
Osilnica,2020,9.324,7.029,67.892,0.865,2.852,151.832
Osilnica,2021,11.157,7.552,67.67,0.941,3.285,182.8
Osilnica,2022,10.313,7.847,72.717,1.394,2.176,134.901
Osilnica,2023,10.783,8.149,68.866,1.445,2.819,161.157
Osilnica,2024,8.959,6.537,70.896,0.349,1.345,149.31
Osilnica,2025,7.908,6.11,75.441,0.344,1.136,146.029
Pesnica,2020,13.691,11.144,52.418,1.208,6.881,182.133
Pesnica,2021,15.621,11.571,60.159,1.26,8.107,223.296
Pesnica,2022,15.29,12.27,66.19,1.009,6.77,156.551
Pesnica,2023,13.186,10.341,64.45,1.244,7.134,191.843
Pesnica,2024,12.458,10.081,63.606,0.433,4.95,179.425
Pesnica,2025,10.997,9.097,68.838,0.396,4.04,171.772
PiranPirano,2020,15.582,10.096,65.448,1.488,11.83,178.386
PiranPirano,2021,14.74,8.92,65.795,2.508,13.238,216.083
PiranPirano,2022,14.82,11.233,62.224,3.086,10.936,166.987
PiranPirano,2023,15.453,11.354,71.705,3.406,11.736,200.691
PiranPirano,2024,13.701,10.448,72.046,1.594,8.259,181.681
PiranPirano,2025,10.42,7.836,79.636,0.749,5.964,168.228
Pivka,2020,9.662,7.238,68.482,0.756,3.708,153.851
Pivka,2021,11.343,7.457,68.417,0.809,4.805,186.705
Pivka,2022,11.103,8.505,71.551,1.205,2.892,139.259
Pivka,2023,11.125,8.505,72.539,1.362,3.487,166.654
Pivka,2024,9.331,6.963,71.363,0.345,1.751,153.278
Pivka,2025,7.996,6.233,76.077,0.313,1.444,148.285
Podlehnik,2020,16.407,13.241,54.251,1.51,8.449,191.913
Podlehnik,2021,19.078,14.6,54.948,1.884,10.078,242.378
Podlehnik,2022,16.35,13.736,65.357,1.666,6.652,171.291
Podlehnik,2023,16.013,13.258,60.744,1.775,8.557,207.841
Podlehnik,2024,15.517,12.84,62.516,0.674,6.079,196.455
Podlehnik,2025,12.808,10.735,67.773,0.574,5.018,181.401
Podvelka,2020,12.257,9.459,56.113,1.108,5.415,162.014
Podvelka,2021,14.215,10.105,62.44,1.162,6.699,203.051
Podvelka,2022,13.673,10.566,69.275,0.971,4.761,142.695
Podvelka,2023,12.402,9.478,67.548,1.149,5.104,173.616
Podvelka,2024,10.163,7.903,68.669,0.325,2.759,159.469
Podvelka,2025,9.159,7.399,73.616,0.325,2.293,155.638
Podčetrtek,2020,15.218,11.78,54.609,1.558,7.478,180.13
Podčetrtek,2021,17.882,13.296,53.957,1.755,9.078,228.509
Podčetrtek,2022,16.123,13.309,66.098,1.585,5.5,160.908
Podčetrtek,2023,15.174,12.451,62.837,1.403,6.085,192.943
Podčetrtek,2024,13.836,11.323,64.099,0.452,3.92,181.308
Podčetrtek,2025,11.675,9.828,68.835,0.419,3.298,171.793
Poljčane,2020,15.889,12.508,51.754,1.427,8.922,181.07
Poljčane,2021,17.647,13.058,55.646,1.658,9.952,225.799
Poljčane,2022,16.804,13.855,65.933,1.355,6.865,158.568
Poljčane,2023,15.025,12.131,62.692,1.402,8.058,194.714
Poljčane,2024,13.574,11.048,64.819,0.47,5.373,181.547
Poljčane,2025,11.795,9.829,69.383,0.459,4.631,172.36
Polzela,2020,16.183,12.15,46.07,1.657,10.496,174.808
Polzela,2021,17.513,12.474,56.142,1.523,10.532,227.134
Polzela,2022,17.644,14.181,63.543,1.582,6.881,158.588
Polzela,2023,16.639,13.089,63.01,1.375,7.555,194.229
Polzela,2024,13.557,11.089,63.188,0.411,4.551,179.383
Polzela,2025,11.947,10.05,67.802,0.404,3.883,170.233
Postojna,2020,10.463,7.916,67.467,0.824,4.619,155.9
Postojna,2021,12.251,8.202,66.921,0.826,5.76,191.295
Postojna,2022,12.001,9.259,69.428,1.164,3.657,141.661
Postojna,2023,11.922,9.149,72.743,1.331,4.068,169.408
Postojna,2024,10.255,7.937,70.18,0.365,2.222,157.37
Postojna,2025,8.734,6.977,75.373,0.331,1.804,151.187
Prebold,2020,16.183,12.15,46.07,1.657,10.496,174.808
Prebold,2021,17.513,12.474,56.142,1.523,10.532,227.134
Prebold,2022,17.644,14.181,63.543,1.582,6.881,158.588
Prebold,2023,16.639,13.089,63.01,1.375,7.555,194.229
Prebold,2024,13.557,11.089,63.188,0.411,4.551,179.383
Prebold,2025,11.947,10.05,67.802,0.404,3.883,170.233
Preddvor,2020,11.461,8.654,68.111,0.863,5.096,149.76
Preddvor,2021,12.917,8.843,69.907,0.699,7.075,192.371
Preddvor,2022,13.296,9.976,65.854,0.807,5.128,140.117
Preddvor,2023,12.97,9.802,73.153,0.895,5.059,163.017
Preddvor,2024,9.711,7.531,68.715,0.258,2.855,152.023
Preddvor,2025,8.984,7.234,73.287,0.27,2.425,148.153
Prevalje,2020,14.294,10.906,49.963,0.887,7.286,166.856
Prevalje,2021,15.525,11.211,55.693,0.965,9.206,215.862
Prevalje,2022,15.729,12.052,61.853,0.902,6.209,151.104
Prevalje,2023,15.106,11.533,62.067,1.052,7.277,184.477
Prevalje,2024,12.132,9.985,60.834,0.314,5.056,175.03
Prevalje,2025,10.751,8.999,66.447,0.336,3.978,164.458
Ptuj,2020,16.45,13.326,52.841,1.431,8.788,193.666
Ptuj,2021,18.824,14.415,55.19,1.804,10.081,244.422
Ptuj,2022,16.957,14.293,64.673,1.487,7.201,172.16
Ptuj,2023,16.052,13.212,59.678,1.718,9.406,212.627
Ptuj,2024,15.512,12.892,61.334,0.661,6.703,199.936
Ptuj,2025,12.787,10.75,66.777,0.572,5.473,183.163
Puconci,2020,17.651,13.705,50.607,1.216,7.662,192.933
Puconci,2021,19.632,14.823,56.827,1.465,8.362,244.772
Puconci,2022,15.862,13.224,63.325,1.349,5.349,168.278
Puconci,2023,16.283,13.539,55.427,1.393,7.333,208.426
Puconci,2024,15.447,12.986,60.876,0.466,4.876,198.322
Puconci,2025,12.284,10.446,66.816,0.443,3.778,180.966
Radenci,2020,17.419,13.307,51.147,1.198,8.755,192.401
Radenci,2021,18.746,14.052,58.071,1.403,8.623,241.041
Radenci,2022,15.692,13.086,63.218,1.187,5.949,168.695
Radenci,2023,15.846,13.041,56.365,1.326,8.273,210.671
Radenci,2024,14.951,12.524,59.823,0.474,5.466,196.629
Radenci,2025,11.92,10.085,65.969,0.455,4.265,179.888
Radeče,2020,14.504,10.867,51.206,1.505,8.084,172.052
Radeče,2021,16.622,11.787,56.53,1.521,8.609,221.756
Radeče,2022,15.766,12.763,66.649,1.336,5.097,156.557
Radeče,2023,15.695,12.39,63.637,1.325,5.992,186.673
Radeče,2024,12.94,10.472,66.693,0.406,3.328,173.801
Radeče,2025,10.803,8.953,71.75,0.387,2.732,164.635
Radlje ob Dravi,2020,12.887,10.07,49.362,0.978,7.07,168.422
Radlje ob Dravi,2021,15.063,10.79,57.372,1.025,8.239,210.278
Radlje ob Dravi,2022,14.38,11.001,65.346,0.872,5.631,146.103
Radlje ob Dravi,2023,13.515,10.308,64.575,1.078,6.481,183.103
Radlje ob Dravi,2024,11.136,9.028,63.505,0.304,4.116,171.401
Radlje ob Dravi,2025,10.02,8.332,68.811,0.326,3.208,164.582
Radovljica,2020,12.663,9.702,61.333,0.761,7.712,161.991
Radovljica,2021,13.721,9.649,60.507,0.59,9.661,201.726
Radovljica,2022,13.906,10.567,62.663,0.716,6.104,148.473
Radovljica,2023,14.098,10.873,68.036,0.823,7.734,181.156
Radovljica,2024,11.188,9.121,63.283,0.282,4.799,167.721
Radovljica,2025,10.393,8.687,68.056,0.299,4.313,159.768
Ravne na Koroškem,2020,14.294,10.906,49.963,0.887,7.286,166.856
Ravne na Koroškem,2021,15.525,11.211,55.693,0.965,9.206,215.862
Ravne na Koroškem,2022,15.729,12.052,61.853,0.902,6.209,151.104
Ravne na Koroškem,2023,15.106,11.533,62.067,1.052,7.277,184.477
Ravne na Koroškem,2024,12.132,9.985,60.834,0.314,5.056,175.03
Ravne na Koroškem,2025,10.751,8.999,66.447,0.336,3.978,164.458
Razkrižje,2020,17.651,13.705,50.607,1.216,7.662,192.933
Razkrižje,2021,19.632,14.823,56.827,1.465,8.362,244.772
Razkrižje,2022,15.862,13.224,63.325,1.349,5.349,168.278
Razkrižje,2023,16.283,13.539,55.427,1.393,7.333,208.426
Razkrižje,2024,15.447,12.986,60.876,0.466,4.876,198.322
Razkrižje,2025,12.284,10.446,66.816,0.443,3.778,180.966
Rače - Fram,2020,16.044,13.047,51.896,1.316,8.959,187.146
Rače - Fram,2021,17.947,13.437,56.197,1.621,9.822,231.273
Rače - Fram,2022,17.583,14.756,65.203,1.376,8.006,165.251
Rače - Fram,2023,15.261,12.336,61.37,1.431,9.152,199.929
Rače - Fram,2024,14.4,11.734,63.412,0.542,6.775,187.759
Rače - Fram,2025,12.411,10.334,68.664,0.531,5.775,176.8
Rečica ob Savinji,2020,13.508,10.172,53.676,1.278,6.846,160.648
Rečica ob Savinji,2021,14.804,10.417,61.442,1.209,7.642,209.088
Rečica ob Savinji,2022,15.392,11.853,65.077,1.342,5.343,141.892
Rečica ob Savinji,2023,14.056,10.776,67.612,1.277,5.298,175.258
Rečica ob Savinji,2024,10.898,8.541,66.359,0.323,2.888,162.196
Rečica ob Savinji,2025,10.074,8.243,70.657,0.333,2.421,158.568
Renče - Vogrsko,2020,15.189,10.837,62.632,1.217,9.838,177.544
Renče - Vogrsko,2021,15.271,10.105,61.964,1.339,11.539,214.312
Renče - Vogrsko,2022,15.408,12.018,61.687,1.474,7.451,163.954
Renče - Vogrsko,2023,15.125,11.838,68.01,1.826,8.263,197.167
Renče - Vogrsko,2024,12.694,10.15,69.299,0.548,4.432,178.055
Renče - Vogrsko,2025,10.13,8.145,73.909,0.435,3.684,166.826
Ribnica,2020,10.508,8.015,62.229,0.887,4.31,157.388
Ribnica,2021,12.773,8.827,61.607,0.912,5.084,196.662
Ribnica,2022,11.978,9.412,69.172,1.134,3.589,142.246
Ribnica,2023,12.323,9.443,64.801,1.199,3.947,170.328
Ribnica,2024,10.354,7.94,66.817,0.319,2.301,159.213
Ribnica,2025,9.025,7.247,71.74,0.33,1.953,154.011
Ribnica na Pohorju,2020,12.877,9.943,53.205,1.056,5.994,163.747
Ribnica na Pohorju,2021,14.847,10.593,60.041,1.146,7.438,206.878
Ribnica na Pohorju,2022,14.326,11.112,67.311,0.954,5.035,145.416
Ribnica na Pohorju,2023,13.274,10.213,65.856,1.156,5.687,178.273
Ribnica na Pohorju,2024,10.823,8.625,66.366,0.315,3.127,163.778
Ribnica na Pohorju,2025,9.523,7.819,71.609,0.315,2.452,157.643
Rogaška Slatina,2020,15.658,12.488,54.457,1.559,8.001,185.138
Rogaška Slatina,2021,18.407,13.949,53.674,1.814,9.93,236.336
Rogaška Slatina,2022,16.758,13.91,65.699,1.674,6.34,166.998
Rogaška Slatina,2023,15.629,12.876,62.136,1.515,7.098,201.131
Rogaška Slatina,2024,15.065,12.47,62.629,0.547,5.113,191.02
Rogaška Slatina,2025,12.663,10.686,68.048,0.484,4.199,178.908
Rogašovci,2020,12.586,9.878,56.388,1.146,5.54,165.441
Rogašovci,2021,14.472,10.4,62.885,1.214,6.777,206.41
Rogašovci,2022,13.9,10.913,69.531,1.001,5.036,143.993
Rogašovci,2023,12.371,9.542,67.59,1.167,5.378,176.428
Rogašovci,2024,10.656,8.299,68.964,0.357,3.218,162.503
Rogašovci,2025,9.598,7.752,73.956,0.354,2.76,158.407
Rogatec,2020,15.835,12.685,55.787,1.67,7.943,187.295
Rogatec,2021,18.693,14.317,54.585,2.073,10.005,239.56
Rogatec,2022,16.279,13.564,65.813,1.758,6.27,169.088
Rogatec,2023,15.59,12.924,62.469,1.818,7.523,201.747
Rogatec,2024,15.582,12.952,63.103,0.758,5.4,193.901
Rogatec,2025,12.846,10.824,68.659,0.504,4.103,180.845
Ruše,2020,12.586,9.878,56.388,1.146,5.54,165.441
Ruše,2021,14.472,10.4,62.885,1.214,6.777,206.41
Ruše,2022,13.9,10.913,69.531,1.001,5.036,143.993
Ruše,2023,12.371,9.542,67.59,1.167,5.378,176.428
Ruše,2024,10.656,8.299,68.964,0.357,3.218,162.503
Ruše,2025,9.598,7.752,73.956,0.354,2.76,158.407
Selnica ob Dravi,2020,14.353,11.612,54.959,1.205,6.528,175.636
Selnica ob Dravi,2021,16.211,11.928,61.223,1.375,7.766,216.395
Selnica ob Dravi,2022,15.645,12.697,67.738,1.11,6.475,152.528
Selnica ob Dravi,2023,13.595,10.693,65.822,1.288,6.651,185.235
Selnica ob Dravi,2024,12.444,9.86,67.242,0.437,4.45,171.881
Selnica ob Dravi,2025,10.833,8.814,72.394,0.435,3.808,166.075
Semič,2020,11.919,9.316,57.817,1.007,4.763,166.212
Semič,2021,14.567,10.373,55.502,1.157,5.945,208.359
Semič,2022,13.239,10.611,66.484,1.3,3.95,147.838
Semič,2023,13.898,10.979,60.618,1.295,4.735,176.927
Semič,2024,11.746,9.179,66.536,0.376,2.844,166.381
Semič,2025,10.109,8.198,72.139,0.395,2.43,160.098
Sevnica,2020,14.594,11.016,52.796,1.426,7.358,173.513
Sevnica,2021,17.118,12.374,54.357,1.603,8.867,223.894
Sevnica,2022,15.48,12.661,66.77,1.342,4.996,156.622
Sevnica,2023,15.45,12.399,62.399,1.324,6.003,188.262
Sevnica,2024,13.313,10.819,65.226,0.41,3.476,176.119
Sevnica,2025,11.121,9.277,70.063,0.396,2.881,166.933
Sežana,2020,13.003,9.653,65.949,1.025,7.909,172.229
Sežana,2021,14.355,9.408,64.185,1.178,9.731,209.255
Sežana,2022,14.123,11.038,65.146,1.71,5.939,159.249
Sežana,2023,13.98,11.005,72.245,1.909,6.834,191.144
Sežana,2024,12.003,9.553,70.206,0.586,3.623,173.48
Sežana,2025,9.692,7.81,74.755,0.467,2.963,163.478
Slovenj Gradec,2020,15.069,11.618,47.919,1.035,8.15,170.954
Slovenj Gradec,2021,16.546,11.969,54.61,1.141,9.726,219.16
Slovenj Gradec,2022,16.047,12.527,62.251,1.006,6.505,154.26
Slovenj Gradec,2023,15.619,12.057,61.479,1.201,8.145,189.969
Slovenj Gradec,2024,12.794,10.534,60.838,0.37,5.468,177.052
Slovenj Gradec,2025,11.248,9.361,66.463,0.383,4.307,166.133
Slovenska Bistrica,2020,15.889,12.508,51.754,1.427,8.922,181.07
Slovenska Bistrica,2021,17.647,13.058,55.646,1.658,9.952,225.799
Slovenska Bistrica,2022,16.804,13.855,65.933,1.355,6.865,158.568
Slovenska Bistrica,2023,15.025,12.131,62.692,1.402,8.058,194.714
Slovenska Bistrica,2024,13.574,11.048,64.819,0.47,5.373,181.547
Slovenska Bistrica,2025,11.795,9.829,69.383,0.459,4.631,172.36
Slovenske Konjice,2020,15.385,11.869,52.398,1.361,8.348,175.937
Slovenske Konjice,2021,16.821,12.296,56.941,1.57,9.404,219.676
Slovenske Konjice,2022,16.133,13.202,67.101,1.249,6.027,153.734
Slovenske Konjice,2023,14.587,11.658,64.037,1.311,7.14,188.846
Slovenske Konjice,2024,12.808,10.345,66.32,0.43,4.634,175.661
Slovenske Konjice,2025,11.319,9.376,70.417,0.413,4.044,167.88
Sodražica,2020,10.15,7.693,64.771,0.856,3.888,154.512
Sodražica,2021,12.238,8.377,65.265,0.877,4.693,191.822
Sodražica,2022,11.538,8.964,70.728,1.124,3.155,137.673
Sodražica,2023,11.8,8.96,68.348,1.21,3.406,167.059
Sodražica,2024,9.862,7.463,69.426,0.319,1.817,155.601
Sodražica,2025,8.587,6.837,74.296,0.315,1.547,150.829
Solčava,2020,10.534,7.641,65.32,0.76,4.066,143.845
Solčava,2021,11.98,8.133,67.81,0.674,5.691,185.818
Solčava,2022,11.753,8.309,67.432,0.748,3.841,131.575
Solčava,2023,11.579,8.496,71.324,0.837,4.013,156.105
Solčava,2024,8.546,6.441,69.04,0.218,1.898,145.342
Solčava,2025,7.906,6.26,73.401,0.228,1.516,143.167
Središče ob Dravi,2020,19.151,15.338,51.793,1.298,7.033,198.191
Središče ob Dravi,2021,21.997,17.087,54.63,1.592,9.033,254.549
Središče ob Dravi,2022,16.342,13.518,63.461,1.509,5.216,171.501
Središče ob Dravi,2023,18.051,15.141,55.591,1.453,7.065,213.261
Središče ob Dravi,2024,18.018,15.28,61.148,0.499,5.178,209.207
Središče ob Dravi,2025,14.494,12.4,66.365,0.482,4.204,191.536
Starše,2020,16.351,13.271,51.382,1.416,8.869,193.656
Starše,2021,18.59,14.153,54.414,1.795,10.204,243.166
Starše,2022,17.778,14.999,64.115,1.556,7.844,171.881
Starše,2023,15.946,13.034,59.551,1.663,9.492,211.967
Starše,2024,15.337,12.729,61.024,0.656,6.992,200.233
Starše,2025,12.885,10.86,66.49,0.577,5.809,184.424
Ankaran,2020,14.729,10.147,62.569,1.406,14.613,180.78
Ankaran,2021,14.891,9.318,62.836,1.963,14.603,218.869
Ankaran,2022,14.605,11.361,61.676,2.988,10.904,171.281
Ankaran,2023,15.55,11.977,66.806,3.652,15.225,204.222
Ankaran,2024,13.332,10.3,67.46,1.362,9.301,184.674
Ankaran,2025,10.511,8.062,73.445,0.846,7.462,170.499
Sveta Trojica v Slov. Goricah,2020,16.087,13.132,52.642,1.302,8.253,193.843
Sveta Trojica v Slov. Goricah,2021,18.176,14.003,56.277,1.551,9.218,243.415
Sveta Trojica v Slov. Goricah,2022,16.866,14.222,64.779,1.23,6.998,169.747
Sveta Trojica v Slov. Goricah,2023,15.85,13.042,59.25,1.434,8.956,213.633
Sveta Trojica v Slov. Goricah,2024,15.267,12.774,60.091,0.512,6.387,199.089
Sveta Trojica v Slov. Goricah,2025,12.463,10.534,65.86,0.462,4.964,181.772
Sveti Andraž v Slov.goricah,2020,15.941,12.795,54.381,1.265,7.849,191.394
Sveti Andraž v Slov.goricah,2021,17.981,13.796,57.898,1.505,8.685,240.732
Sveti Andraž v Slov.goricah,2022,16.101,13.56,65.44,1.214,6.409,168.759
Sveti Andraž v Slov.goricah,2023,15.407,12.749,59.52,1.393,8.186,208.508
Sveti Andraž v Slov.goricah,2024,14.798,12.348,60.791,0.474,5.625,195.223
Sveti Andraž v Slov.goricah,2025,12.085,10.195,66.598,0.437,4.379,179.275
Žužemberk,2020,12.755,9.729,52.314,1.041,7.075,168.35
Žužemberk,2021,15.216,10.682,53.799,1.053,8.327,213.972
Žužemberk,2022,14.213,11.441,64.656,1.15,5.685,152.865
Žužemberk,2023,14.811,11.601,59.005,1.17,6.691,184.765
Žužemberk,2024,12.245,9.845,61.795,0.318,4.202,172.294
Žužemberk,2025,10.402,8.598,66.963,0.329,3.674,163.18
Šmarješke Toplice,2020,14.354,11.124,49.36,1.146,7.647,176.053
Šmarješke Toplice,2021,17.753,12.716,49.715,1.349,9.892,225.133
Šmarješke Toplice,2022,15.479,12.741,63.245,1.261,5.625,157.456
Šmarješke Toplice,2023,16.955,13.6,55.704,1.272,7.76,194.306
Šmarješke Toplice,2024,14.239,11.664,60.506,0.387,4.969,182.725
Šmarješke Toplice,2025,11.76,9.861,65.677,0.389,4.155,170.506
Šmartno ob Paki,2020,16.868,12.723,47.602,1.646,9.886,176.813
Šmartno ob Paki,2021,17.929,12.785,56.121,1.69,10.752,226.546
Šmartno ob Paki,2022,17.542,14.017,63.326,1.547,6.541,157.352
Šmartno ob Paki,2023,17.114,13.331,62.389,1.669,8.166,197.941
Šmartno ob Paki,2024,14.016,11.416,62.667,0.45,4.837,180.519
Šmartno ob Paki,2025,12.337,10.335,67.229,0.462,3.885,170.461
Šmartno pri Litiji,2020,14.651,11.199,51.652,1.49,8.753,174.768
Šmartno pri Litiji,2021,16.795,11.874,58.972,1.302,9.33,222.329
Šmartno pri Litiji,2022,16.338,13.185,65.142,1.311,6.157,161.244
Šmartno pri Litiji,2023,16.599,13.077,65.695,1.39,7.029,194.436
Šmartno pri Litiji,2024,13.903,11.423,64.808,0.42,4.054,178.87
Šmartno pri Litiji,2025,11.288,9.411,70.555,0.386,3.211,166.538
Šoštanj,2020,16.868,12.723,47.602,1.646,9.886,176.813
Šoštanj,2021,17.929,12.785,56.121,1.69,10.752,226.546
Šoštanj,2022,17.542,14.017,63.326,1.547,6.541,157.352
Šoštanj,2023,17.114,13.331,62.389,1.669,8.166,197.941
Šoštanj,2024,14.016,11.416,62.667,0.45,4.837,180.519
Šoštanj,2025,12.337,10.335,67.229,0.462,3.885,170.461
Štore,2020,17.95,13.299,46.998,1.657,11.106,183.816
Štore,2021,19.546,13.957,50.785,1.859,12.559,234.065
Štore,2022,17.815,14.718,64.219,1.461,6.727,165.038
Štore,2023,17.118,13.818,59.228,1.445,8.927,202.627
Štore,2024,15.342,12.708,61.612,0.569,5.76,190.157
Štore,2025,13.015,10.965,66.528,0.526,4.874,177.161
Šenčur,2020,14.751,11.557,62.568,1.241,8.923,172.87
Šenčur,2021,16.089,11.36,66.575,0.987,10.995,219.109
Šenčur,2022,17.119,13.731,61.274,1.128,8.483,163.664
Šenčur,2023,16.962,13.274,70.741,1.236,9.031,196.807
Šenčur,2024,13.558,11.033,63.15,0.442,5.917,179.731
Šenčur,2025,11.766,9.789,67.729,0.413,4.95,168.587
Škocjan,2020,14.549,11.137,50.062,1.271,7.875,176.317
Škocjan,2021,17.543,12.608,51.623,1.418,9.668,225.801
Škocjan,2022,15.631,12.838,65.018,1.265,5.269,159.546
Škocjan,2023,16.522,13.244,59.077,1.269,6.967,193.743
Škocjan,2024,13.988,11.515,62.211,0.377,4.233,181.258
Škocjan,2025,11.577,9.724,67.18,0.369,3.493,170.278
Škofja Loka,2020,15.982,12.578,59.035,1.568,10.789,181.462
Škofja Loka,2021,17.47,12.47,60.326,1.313,12.944,228.731
Škofja Loka,2022,18.58,15.021,60.1,1.397,9.378,169.83
Škofja Loka,2023,17.789,14.047,68.546,1.7,9.945,204.711
Škofja Loka,2024,15.25,12.65,61.646,0.694,6.789,188.832
Škofja Loka,2025,13.341,11.26,66.508,0.598,5.976,176.088
Škofljica,2020,13.687,10.413,55.85,1.249,9.143,175.435
Škofljica,2021,15.726,11.061,58.659,1.001,10.768,219.41
Škofljica,2022,16.849,13.723,63.646,1.369,7.781,165.34
Škofljica,2023,15.427,12.033,66.255,1.333,8.305,195.09
Škofljica,2024,13.366,10.945,62.656,0.394,5.577,179.547
Škofljica,2025,11.071,9.221,68.459,0.361,4.709,166.149
Šmarje pri Jelšah,2020,16.13,12.51,52.441,1.565,8.649,183.43
Šmarje pri Jelšah,2021,18.355,13.65,52.943,1.745,10.328,232.601
Šmarje pri Jelšah,2022,17.21,14.218,65.538,1.567,6.465,165.083
Šmarje pri Jelšah,2023,15.849,12.955,61.51,1.399,7.416,199.542
Šmarje pri Jelšah,2024,14.646,12.136,62.537,0.483,5.022,188.412
Šmarje pri Jelšah,2025,12.364,10.448,67.651,0.449,4.142,175.942
Žalec,2020,17.047,12.52,44.585,1.712,11.271,177.899
Žalec,2021,18.483,13.123,52.193,1.687,12.109,231.66
Žalec,2022,17.81,14.471,62.993,1.548,7.05,160.786
Žalec,2023,16.938,13.454,59.907,1.388,8.547,198.558
Žalec,2024,14.355,11.841,61.387,0.468,5.358,184.828
Žalec,2025,12.491,10.523,65.786,0.465,4.637,173.9
Železniki,2020,12.258,9.373,64.576,0.853,6.422,155.23
Železniki,2021,13.421,9.292,63.552,0.68,8.294,198.034
Železniki,2022,13.729,10.357,63.364,0.792,5.758,141.003
Železniki,2023,13.452,10.397,72.025,0.935,5.775,173.687
Železniki,2024,10.662,8.519,66.735,0.3,3.346,160.971
Železniki,2025,9.833,8.188,70.994,0.304,2.957,155.869
Žetale,2020,16.179,12.998,56.083,1.428,7.588,188.528
Žetale,2021,19.084,14.66,55.157,1.793,9.76,239.996
Žetale,2022,15.866,13.207,65.745,1.546,6.039,167.572
Žetale,2023,15.825,13.135,62.091,1.564,7.382,202.236
Žetale,2024,15.804,13.197,63.339,0.563,5.433,194.511
Žetale,2025,12.865,10.883,68.563,0.47,4.364,180.467
Žiri,2020,12.973,10.065,64.673,1.078,6.878,163.31
Žiri,2021,14.243,9.835,62.908,0.88,8.485,201.917
Žiri,2022,14.66,11.429,65.415,1.095,5.764,152.841
Žiri,2023,14.019,11.003,73.205,1.231,5.792,180.28
Žiri,2024,11.802,9.518,67.152,0.374,3.284,167.21
Žiri,2025,10.218,8.447,72.088,0.352,2.806,159.626
Žirovnica,2020,12.663,9.702,61.333,0.761,7.712,161.991
Žirovnica,2021,13.721,9.649,60.507,0.59,9.661,201.726
Žirovnica,2022,13.906,10.567,62.663,0.716,6.104,148.473
Žirovnica,2023,14.098,10.873,68.036,0.823,7.734,181.156
Žirovnica,2024,11.188,9.121,63.283,0.282,4.799,167.721
Žirovnica,2025,10.393,8.687,68.056,0.299,4.313,159.768
Straža,2020,12.149,9.316,55.987,1.004,5.572,166.923
Straža,2021,14.812,10.388,55.136,1.113,6.699,209.477
Straža,2022,13.511,10.817,65.857,1.226,4.701,148.925
Straža,2023,14.399,11.304,59.571,1.249,5.486,179.737
Straža,2024,11.787,9.272,64.974,0.357,3.247,168.02
Straža,2025,10.104,8.223,70.787,0.385,2.79,160.667
Sveta Ana,2020,15.238,12.462,53.723,1.23,7.719,194.254
Sveta Ana,2021,17.123,13.197,58.388,1.363,8.591,241.788
Sveta Ana,2022,16.021,13.361,65.07,1.071,6.519,167.194
Sveta Ana,2023,15.048,12.303,60.606,1.255,8.067,212.536
Sveta Ana,2024,14.435,12.08,59.634,0.439,5.763,196.936
Sveta Ana,2025,11.955,10.134,65.106,0.406,4.366,181.474
Sveta Trojica v Slov. goricah,2020,16.087,13.132,52.642,1.302,8.253,193.843
Sveta Trojica v Slov. goricah,2021,18.176,14.003,56.277,1.551,9.218,243.415
Sveta Trojica v Slov. goricah,2022,16.866,14.222,64.779,1.23,6.998,169.747
Sveta Trojica v Slov. goricah,2023,15.85,13.042,59.25,1.434,8.956,213.633
Sveta Trojica v Slov. goricah,2024,15.267,12.774,60.091,0.512,6.387,199.089
Sveta Trojica v Slov. goricah,2025,12.463,10.534,65.86,0.462,4.964,181.772
Sveti Andraž v Slov. goricah,2020,15.941,12.795,54.381,1.265,7.849,191.394
Sveti Andraž v Slov. goricah,2021,17.981,13.796,57.898,1.505,8.685,240.732
Sveti Andraž v Slov. goricah,2022,16.101,13.56,65.44,1.214,6.409,168.759
Sveti Andraž v Slov. goricah,2023,15.407,12.749,59.52,1.393,8.186,208.508
Sveti Andraž v Slov. goricah,2024,14.798,12.348,60.791,0.474,5.625,195.223
Sveti Andraž v Slov. goricah,2025,12.085,10.195,66.598,0.437,4.379,179.275
Sveti Jurij ob Ščavnici,2020,16.324,12.856,53.654,1.217,7.756,190.448
Sveti Jurij ob Ščavnici,2021,18.218,13.886,58.197,1.452,8.393,239.996
Sveti Jurij ob Ščavnici,2022,15.811,13.28,65.134,1.218,5.946,167.795
Sveti Jurij ob Ščavnici,2023,15.338,12.694,58.624,1.352,7.656,205.637
Sveti Jurij ob Ščavnici,2024,14.63,12.191,61.186,0.454,5.162,193.868
Sveti Jurij ob Ščavnici,2025,11.872,10.012,67.028,0.426,4.047,178.439
Šempeter - Vrtojba,2020,16.035,11.548,60.921,1.182,11.297,177.417
Šempeter - Vrtojba,2021,15.656,10.601,60.712,1.208,12.711,213.17
Šempeter - Vrtojba,2022,15.238,11.928,62.968,1.262,7.397,163.886
Šempeter - Vrtojba,2023,15.59,12.389,67.714,1.596,9.097,198.073
Šempeter - Vrtojba,2024,13.092,10.545,70.344,0.549,5.044,179.432
Šempeter - Vrtojba,2025,10.587,8.562,74.384,0.464,4.331,168.106
Šentilj,2020,14.94,12.391,50.626,1.24,8.568,191.747
Šentilj,2021,16.768,12.673,57.309,1.338,9.433,235.165
Šentilj,2022,16.503,13.673,64.213,1.078,7.84,165.52
Šentilj,2023,14.328,11.453,61.02,1.268,9.308,205.736
Šentilj,2024,14.034,11.563,60.398,0.484,6.864,192.208
Šentilj,2025,12.209,10.208,65.684,0.436,5.627,180.123
Šentjernej,2020,14.011,10.92,52.388,1.173,6.73,173.61
Šentjernej,2021,17.206,12.494,51.991,1.413,8.784,221.901
Šentjernej,2022,15.063,12.351,64.511,1.312,5.118,155.007
Šentjernej,2023,16.01,12.976,58.62,1.293,6.491,189.197
Šentjernej,2024,13.56,11.036,62.909,0.39,3.956,177.801
Šentjernej,2025,11.301,9.444,68.2,0.398,3.349,167.763
Šentjur,2020,17.95,13.299,46.998,1.657,11.106,183.816
Šentjur,2021,19.546,13.957,50.785,1.859,12.559,234.065
Šentjur,2022,17.815,14.718,64.219,1.461,6.727,165.038
Šentjur,2023,17.118,13.818,59.228,1.445,8.927,202.627
Šentjur,2024,15.342,12.708,61.612,0.569,5.76,190.157
Šentjur,2025,13.015,10.965,66.528,0.526,4.874,177.161
Šentrupert,2020,14.61,11.198,48.721,1.308,9.36,175.854
Šentrupert,2021,17.142,12.204,53.379,1.32,10.218,224.48
Šentrupert,2022,15.753,12.8,64.73,1.266,6.119,160.294
Šentrupert,2023,16.69,13.157,60.14,1.293,7.957,195.44
Šentrupert,2024,14.112,11.622,62.708,0.401,4.924,181.824
Šentrupert,2025,11.56,9.68,68.028,0.388,4.129,169.043
Črenšovci,2020,17.651,13.705,50.607,1.216,7.662,192.933
Črenšovci,2021,19.632,14.823,56.827,1.465,8.362,244.772
Črenšovci,2022,15.862,13.224,63.325,1.349,5.349,168.278
Črenšovci,2023,16.283,13.539,55.427,1.393,7.333,208.426
Črenšovci,2024,15.447,12.986,60.876,0.466,4.876,198.322
Črenšovci,2025,12.284,10.446,66.816,0.443,3.778,180.966
Črna na Koroškem,2020,11.666,8.672,59.024,0.904,4.849,150.937
Črna na Koroškem,2021,13.118,9.144,63.586,0.899,6.376,197.009
Črna na Koroškem,2022,13.306,9.804,66.363,0.888,4.353,137.495
Črna na Koroškem,2023,12.55,9.362,68.991,1.02,4.466,163.829
Črna na Koroškem,2024,9.569,7.357,67.31,0.265,2.278,152.433
Črna na Koroškem,2025,8.752,7.029,71.933,0.275,1.872,149.341
Črnomelj,2020,11.663,9.196,58.237,0.992,4.52,165.766
Črnomelj,2021,14.301,10.222,54.436,1.128,5.414,205.858
Črnomelj,2022,12.608,10.023,66.772,1.363,3.647,147.003
Črnomelj,2023,13.337,10.541,60.103,1.343,4.501,176.393
Črnomelj,2024,11.461,8.917,65.871,0.377,2.79,165.378
Črnomelj,2025,9.985,8.093,71.305,0.41,2.428,159.968
Šalovci,2020,14.819,11.487,53.015,1.13,6.833,185.332
Šalovci,2021,16.307,12.112,57.237,1.272,7.577,227.853
Šalovci,2022,13.718,11.026,62.537,1.162,5.138,157.566
Šalovci,2023,14.113,11.218,58.645,1.275,6.331,198.32
Šalovci,2024,12.628,10.383,62.653,0.418,3.83,183.741
Šalovci,2025,10.218,8.548,67.701,0.417,3.007,171.397
Zreče,2020,14.766,11.097,53.243,1.358,7.769,169.596
Zreče,2021,16.287,11.658,57.864,1.547,8.961,215.245
Zreče,2022,15.644,12.681,67.682,1.232,5.515,151.047
Zreče,2023,14.25,11.251,64.936,1.293,6.456,182.678
Zreče,2024,12.043,9.617,67.452,0.4,3.83,169.454
Zreče,2025,10.77,8.84,71.425,0.391,3.349,163.553
Vransko,2020,14.183,10.696,51.873,1.522,8.595,164.643
Vransko,2021,15.61,11.053,61.235,1.336,8.562,214.745
Vransko,2022,16.01,12.576,65.404,1.446,5.996,149.824
Vransko,2023,15.058,11.661,67.68,1.297,6.065,181.097
Vransko,2024,11.779,9.379,66.513,0.355,3.343,166.385
Vransko,2025,10.517,8.672,71.207,0.348,2.855,160.943
Vrhnika,2020,13.66,10.649,61.564,1.15,8.102,169.593
Vrhnika,2021,15.217,10.572,60.658,0.942,9.629,210.4
Vrhnika,2022,15.391,12.234,64.526,1.208,6.311,156.836
Vrhnika,2023,14.801,11.599,70.746,1.35,6.697,188.256
Vrhnika,2024,13.354,10.977,64.607,0.435,4.185,175.669
Vrhnika,2025,11.263,9.436,70.071,0.405,3.507,164.94
Vuzenica,2020,13.801,10.675,50.278,1.014,6.757,166.922
Vuzenica,2021,15.649,11.267,57.049,1.111,8.284,212.919
Vuzenica,2022,15.328,12.032,64.629,0.964,5.717,150.052
Vuzenica,2023,14.431,11.183,63.73,1.145,6.531,183.631
Vuzenica,2024,11.744,9.562,63.398,0.324,4.0,170.994
Vuzenica,2025,10.235,8.52,69.003,0.326,2.995,161.88
Zagorje ob Savi,2020,15.19,11.516,49.773,1.677,9.428,171.788
Zagorje ob Savi,2021,16.718,11.885,59.667,1.459,9.026,220.892
Zagorje ob Savi,2022,16.617,13.304,65.808,1.432,5.878,156.154
Zagorje ob Savi,2023,16.277,12.755,66.769,1.403,6.458,188.76
Zagorje ob Savi,2024,13.294,10.775,66.597,0.438,3.598,174.149
Zagorje ob Savi,2025,11.306,9.352,71.843,0.415,2.94,165.221
Zavrč,2020,16.666,13.36,55.197,1.296,6.679,189.633
Zavrč,2021,19.176,14.811,56.769,1.614,8.493,240.718
Zavrč,2022,15.719,13.07,65.891,1.364,5.218,166.643
Zavrč,2023,15.954,13.276,60.015,1.45,6.701,202.712
Zavrč,2024,15.535,12.935,63.504,0.47,4.588,194.438
Zavrč,2025,12.78,10.803,68.525,0.44,3.729,180.796
Videm,2020,16.104,12.915,54.971,1.347,7.119,189.102
Videm,2021,18.643,14.316,56.295,1.674,8.909,238.456
Videm,2022,15.808,13.208,65.551,1.407,5.74,166.671
Videm,2023,15.58,12.947,61.052,1.533,7.209,201.834
Videm,2024,14.928,12.335,63.557,0.506,4.922,191.727
Videm,2025,12.315,10.347,68.691,0.451,3.999,178.069
Vipava,2020,13.123,9.962,65.741,0.953,7.049,166.459
Vipava,2021,14.352,9.686,62.748,0.968,9.01,202.976
Vipava,2022,14.033,10.994,66.272,1.213,4.981,150.996
Vipava,2023,14.08,11.143,72.586,1.491,6.043,185.261
Vipava,2024,12.143,9.746,68.555,0.448,3.254,169.675
Vipava,2025,10.009,8.161,73.22,0.388,2.686,160.08
Vitanje,2020,14.852,11.018,51.325,1.395,7.861,169.225
Vitanje,2021,16.421,11.661,56.902,1.53,9.098,216.664
Vitanje,2022,15.888,12.776,66.578,1.253,5.644,151.564
Vitanje,2023,14.637,11.529,63.869,1.304,6.538,184.225
Vitanje,2024,12.025,9.623,66.342,0.38,3.642,169.413
Vitanje,2025,10.724,8.836,70.483,0.379,3.132,163.439
Vodice,2020,17.599,13.826,55.106,1.546,12.162,192.442
Vodice,2021,19.076,13.825,59.353,1.222,14.469,242.952
Vodice,2022,20.702,17.26,57.19,1.451,10.342,176.544
Vodice,2023,20.009,15.917,66.522,1.541,11.578,222.647
Vodice,2024,17.428,14.691,58.663,0.644,8.307,204.449
Vodice,2025,14.737,12.611,63.693,0.552,6.942,185.273
Vojnik,2020,17.95,13.299,46.998,1.657,11.106,183.816
Vojnik,2021,19.546,13.957,50.785,1.859,12.559,234.065
Vojnik,2022,17.815,14.718,64.219,1.461,6.727,165.038
Vojnik,2023,17.118,13.818,59.228,1.445,8.927,202.627
Vojnik,2024,15.342,12.708,61.612,0.569,5.76,190.157
Vojnik,2025,13.015,10.965,66.528,0.526,4.874,177.161
Trbovlje,2020,15.796,11.932,48.361,1.754,10.228,174.187
Trbovlje,2021,17.378,12.355,58.049,1.586,9.628,225.116
Trbovlje,2022,17.175,13.844,65.698,1.499,6.219,159.47
Trbovlje,2023,16.606,13.032,65.183,1.422,6.875,191.183
Trbovlje,2024,13.868,11.313,66.156,0.477,3.999,177.842
Trbovlje,2025,11.683,9.706,71.271,0.456,3.305,167.592
Trebnje,2020,14.61,11.198,48.721,1.308,9.36,175.854
Trebnje,2021,17.142,12.204,53.379,1.32,10.218,224.48
Trebnje,2022,15.753,12.8,64.73,1.266,6.119,160.294
Trebnje,2023,16.69,13.157,60.14,1.293,7.957,195.44
Trebnje,2024,14.112,11.622,62.708,0.401,4.924,181.824
Trebnje,2025,11.56,9.68,68.028,0.388,4.129,169.043
Trnovska vas,2020,16.087,13.132,52.642,1.302,8.253,193.843
Trnovska vas,2021,18.176,14.003,56.277,1.551,9.218,243.415
Trnovska vas,2022,16.866,14.222,64.779,1.23,6.998,169.747
Trnovska vas,2023,15.85,13.042,59.25,1.434,8.956,213.633
Trnovska vas,2024,15.267,12.774,60.091,0.512,6.387,199.089
Trnovska vas,2025,12.463,10.534,65.86,0.462,4.964,181.772
Trzin,2020,19.011,15.156,52.513,1.66,12.242,200.08
Trzin,2021,20.793,15.279,58.916,1.342,14.604,254.778
Trzin,2022,21.356,18.107,59.15,1.543,9.706,185.892
Trzin,2023,22.062,17.803,65.808,1.631,11.382,235.372
Trzin,2024,19.827,16.879,58.014,0.689,8.394,215.952
Trzin,2025,15.55,13.228,63.704,0.579,6.398,187.755
Tržič,2020,12.392,9.542,66.558,0.879,5.87,156.143
Tržič,2021,13.776,9.585,67.157,0.69,8.079,198.853
Tržič,2022,14.288,10.92,64.791,0.81,5.799,146.499
Tržič,2023,14.075,10.796,72.067,0.922,5.872,171.661
Tržič,2024,10.923,8.717,66.932,0.289,3.604,161.036
Tržič,2025,10.016,8.194,72.116,0.304,3.114,154.443
Lenart,2020,16.087,13.132,52.642,1.302,8.253,193.843
Lenart,2021,18.176,14.003,56.277,1.551,9.218,243.415
Lenart,2022,16.866,14.222,64.779,1.23,6.998,169.747
Lenart,2023,15.85,13.042,59.25,1.434,8.956,213.633
Lenart,2024,15.267,12.774,60.091,0.512,6.387,199.089
Lenart,2025,12.463,10.534,65.86,0.462,4.964,181.772
Lendava_Lendva,2020,17.478,13.682,49.975,1.32,7.134,191.845
Lendava_Lendva,2021,19.652,14.819,55.383,1.534,8.143,243.727
Lendava_Lendva,2022,15.426,12.703,61.956,2.06,5.055,166.309
Lendava_Lendva,2023,16.773,13.887,54.406,1.537,7.085,205.74
Lendava_Lendva,2024,15.603,13.05,61.203,0.514,4.626,195.922
Lendava_Lendva,2025,12.496,10.599,66.736,0.503,3.713,179.584
Litija,2020,14.651,11.199,51.652,1.49,8.753,174.768
Litija,2021,16.795,11.874,58.972,1.302,9.33,222.329
Litija,2022,16.338,13.185,65.142,1.311,6.157,161.244
Litija,2023,16.599,13.077,65.695,1.39,7.029,194.436
Litija,2024,13.903,11.423,64.808,0.42,4.054,178.87
Litija,2025,11.288,9.411,70.555,0.386,3.211,166.538
Ljubljana,2020,20.283,16.081,47.317,1.934,15.852,208.656
Ljubljana,2021,22.26,16.139,52.864,1.605,17.591,262.334
Ljubljana,2022,22.68,19.364,57.977,1.874,11.547,196.585
Ljubljana,2023,23.117,18.662,61.924,2.111,15.108,246.115
Ljubljana,2024,21.359,18.188,56.412,0.857,10.757,226.214
Ljubljana,2025,16.795,14.278,62.281,0.736,8.557,195.484
Ljubno,2020,12.118,9.074,59.324,1.071,5.297,153.182
Ljubno,2021,13.429,9.332,65.237,1.011,6.363,198.028
Ljubno,2022,13.406,10.067,67.378,1.018,4.129,137.322
Ljubno,2023,12.955,9.781,70.468,1.092,4.239,166.297
Ljubno,2024,9.732,7.473,68.682,0.28,2.101,153.613
Ljubno,2025,9.004,7.223,72.782,0.282,1.754,150.732
Maribor,2020,17.02,14.118,49.306,1.413,10.423,196.345
Maribor,2021,18.729,13.992,55.727,1.678,10.814,238.056
Maribor,2022,18.085,15.16,63.937,1.313,8.866,170.209
Maribor,2023,16.494,13.272,59.267,1.546,11.851,213.857
Maribor,2024,15.901,12.899,61.28,0.647,8.724,196.735
Maribor,2025,13.639,11.236,66.744,0.633,7.579,182.664
Markovci,2020,16.104,12.915,54.971,1.347,7.119,189.102
Markovci,2021,18.643,14.316,56.295,1.674,8.909,238.456
Markovci,2022,15.808,13.208,65.551,1.407,5.74,166.671
Markovci,2023,15.58,12.947,61.052,1.533,7.209,201.834
Markovci,2024,14.928,12.335,63.557,0.506,4.922,191.727
Markovci,2025,12.315,10.347,68.691,0.451,3.999,178.069
Medvode,2020,17.599,13.826,55.106,1.546,12.162,192.442
Medvode,2021,19.076,13.825,59.353,1.222,14.469,242.952
Medvode,2022,20.702,17.26,57.19,1.451,10.342,176.544
Medvode,2023,20.009,15.917,66.522,1.541,11.578,222.647
Medvode,2024,17.428,14.691,58.663,0.644,8.307,204.449
Medvode,2025,14.737,12.611,63.693,0.552,6.942,185.273
Mengeš,2020,19.011,15.156,52.513,1.66,12.242,200.08
Mengeš,2021,20.793,15.279,58.916,1.342,14.604,254.778
Mengeš,2022,21.356,18.107,59.15,1.543,9.706,185.892
Mengeš,2023,22.062,17.803,65.808,1.631,11.382,235.372
Mengeš,2024,19.827,16.879,58.014,0.689,8.394,215.952
Mengeš,2025,15.55,13.228,63.704,0.579,6.398,187.755
Metlika,2020,13.262,10.625,55.222,1.084,5.655,174.392
Metlika,2021,16.425,12.025,52.413,1.295,7.456,220.167
Metlika,2022,13.841,11.124,65.378,1.375,4.298,152.834
Metlika,2023,14.983,12.085,58.672,1.3,5.412,186.063
Metlika,2024,13.396,10.816,64.024,0.377,3.731,177.225
Metlika,2025,11.239,9.299,70.27,0.409,3.149,168.529
Loški Potok,2020,17.382,13.578,51.625,1.226,8.185,191.893
Loški Potok,2021,19.313,14.639,57.472,1.461,8.599,243.032
Loški Potok,2022,16.01,13.424,64.02,1.279,5.788,169.225
Loški Potok,2023,16.057,13.336,56.614,1.381,7.878,207.947
Loški Potok,2024,15.297,12.81,60.863,0.479,5.281,196.891
Loški Potok,2025,12.319,10.411,66.847,0.459,4.16,180.393
Luče,2020,13.66,10.649,61.564,1.15,8.102,169.593
Luče,2021,15.217,10.572,60.658,0.942,9.629,210.4
Luče,2022,15.391,12.234,64.526,1.208,6.311,156.836
Luče,2023,14.801,11.599,70.746,1.35,6.697,188.256
Luče,2024,13.354,10.977,64.607,0.435,4.185,175.669
Luče,2025,11.263,9.436,70.071,0.405,3.507,164.94
Lukovica,2020,15.47,12.212,58.908,1.419,9.774,181.126
Lukovica,2021,16.915,12.041,59.467,1.05,11.412,225.61
Lukovica,2022,18.593,15.112,61.614,1.343,8.625,172.018
Lukovica,2023,16.82,13.308,69.699,1.437,8.197,200.408
Lukovica,2024,14.838,12.342,62.794,0.488,5.262,186.974
Lukovica,2025,12.714,10.741,67.728,0.44,4.524,174.06
Majšperk,2020,12.257,9.459,56.113,1.108,5.415,162.014
Majšperk,2021,14.215,10.105,62.44,1.162,6.699,203.051
Majšperk,2022,13.673,10.566,69.275,0.971,4.761,142.695
Majšperk,2023,12.402,9.478,67.548,1.149,5.104,173.616
Majšperk,2024,10.163,7.903,68.669,0.325,2.759,159.469
Majšperk,2025,9.159,7.399,73.616,0.325,2.293,155.638
Makole,2020,9.163,6.859,69.009,0.791,2.885,148.182
Makole,2021,11.061,7.398,69.272,0.855,3.594,181.557
Makole,2022,10.302,7.818,73.336,1.187,2.293,132.091
Makole,2023,10.706,8.037,71.044,1.267,2.68,159.147
Makole,2024,8.849,6.419,72.255,0.322,1.213,147.237
Makole,2025,7.743,5.979,76.998,0.309,1.023,143.868
Ljutomer,2020,17.382,13.578,51.625,1.226,8.185,191.893
Ljutomer,2021,19.313,14.639,57.472,1.461,8.599,243.032
Ljutomer,2022,16.01,13.424,64.02,1.279,5.788,169.225
Ljutomer,2023,16.057,13.336,56.614,1.381,7.878,207.947
Ljutomer,2024,15.297,12.81,60.863,0.479,5.281,196.891
Ljutomer,2025,12.319,10.411,66.847,0.459,4.16,180.393
Log - Dragomer,2020,15.47,12.212,58.908,1.419,9.774,181.126
Log - Dragomer,2021,16.915,12.041,59.467,1.05,11.412,225.61
Log - Dragomer,2022,18.593,15.112,61.614,1.343,8.625,172.018
Log - Dragomer,2023,16.82,13.308,69.699,1.437,8.197,200.408
Log - Dragomer,2024,14.838,12.342,62.794,0.488,5.262,186.974
Log - Dragomer,2025,12.714,10.741,67.728,0.44,4.524,174.06
Logatec,2020,13.66,10.649,61.564,1.15,8.102,169.593
Logatec,2021,15.217,10.572,60.658,0.942,9.629,210.4
Logatec,2022,15.391,12.234,64.526,1.208,6.311,156.836
Logatec,2023,14.801,11.599,70.746,1.35,6.697,188.256
Logatec,2024,13.354,10.977,64.607,0.435,4.185,175.669
Logatec,2025,11.263,9.436,70.071,0.405,3.507,164.94
Loška dolina,2020,9.163,6.859,69.009,0.791,2.885,148.182
Loška dolina,2021,11.061,7.398,69.272,0.855,3.594,181.557
Loška dolina,2022,10.302,7.818,73.336,1.187,2.293,132.091
Loška dolina,2023,10.706,8.037,71.044,1.267,2.68,159.147
Loška dolina,2024,8.849,6.419,72.255,0.322,1.213,147.237
Loška dolina,2025,7.743,5.979,76.998,0.309,1.023,143.868
Lovrenc na Pohorju,2020,12.257,9.459,56.113,1.108,5.415,162.014
Lovrenc na Pohorju,2021,14.215,10.105,62.44,1.162,6.699,203.051
Lovrenc na Pohorju,2022,13.673,10.566,69.275,0.971,4.761,142.695
Lovrenc na Pohorju,2023,12.402,9.478,67.548,1.149,5.104,173.616
Lovrenc na Pohorju,2024,10.163,7.903,68.669,0.325,2.759,159.469
Lovrenc na Pohorju,2025,9.159,7.399,73.616,0.325,2.293,155.638
Turnišče,2020,16.66,12.736,50.238,1.221,7.259,189.433
Turnišče,2021,18.369,13.681,56.325,1.399,7.822,238.203
Turnišče,2022,14.858,12.239,62.419,1.409,4.98,163.48
Turnišče,2023,15.485,12.723,54.874,1.394,6.84,204.086
Turnišče,2024,14.221,11.847,60.86,0.448,4.345,191.442
Turnišče,2025,11.246,9.491,66.754,0.437,3.38,176.294
Velenje,2020,15.657,11.705,48.677,1.411,9.073,172.464
Velenje,2021,17.274,12.291,55.309,1.49,10.233,222.896
Velenje,2022,16.927,13.619,64.507,1.47,6.571,157.451
Velenje,2023,15.71,12.371,62.168,1.35,7.686,190.958
Velenje,2024,13.054,10.609,63.713,0.415,4.664,176.498
Velenje,2025,11.455,9.521,68.26,0.425,3.913,167.479
Velika Polana,2020,17.466,13.564,50.545,1.257,7.133,192.633
Velika Polana,2021,19.554,14.737,56.304,1.483,8.112,244.386
Velika Polana,2022,15.601,12.926,62.862,1.64,5.064,166.999
Velika Polana,2023,16.299,13.529,55.115,1.443,6.864,206.806
Velika Polana,2024,15.369,12.901,61.372,0.471,4.508,197.136
Velika Polana,2025,12.236,10.409,67.014,0.452,3.53,180.277
Velike Lašče,2020,11.355,8.6,60.597,0.978,5.392,161.638
Velike Lašče,2021,13.471,9.338,62.363,0.916,6.511,201.657
Velike Lašče,2022,13.131,10.354,67.968,1.116,4.734,146.083
Velike Lašče,2023,12.98,9.961,67.349,1.201,4.819,175.954
Velike Lašče,2024,10.98,8.592,67.049,0.33,2.749,163.102
Velike Lašče,2025,9.412,7.641,72.205,0.321,2.365,156.276
Veržej,2020,17.382,13.578,51.625,1.226,8.185,191.893
Veržej,2021,19.313,14.639,57.472,1.461,8.599,243.032
Veržej,2022,16.01,13.424,64.02,1.279,5.788,169.225
Veržej,2023,16.057,13.336,56.614,1.381,7.878,207.947
Veržej,2024,15.297,12.81,60.863,0.479,5.281,196.891
Veržej,2025,12.319,10.411,66.847,0.459,4.16,180.393
Cirkulane,2020,16.104,12.915,54.971,1.347,7.119,189.102
Cirkulane,2021,18.643,14.316,56.295,1.674,8.909,238.456
Cirkulane,2022,15.808,13.208,65.551,1.407,5.74,166.671
Cirkulane,2023,15.58,12.947,61.052,1.533,7.209,201.834
Cirkulane,2024,14.928,12.335,63.557,0.506,4.922,191.727
Cirkulane,2025,12.315,10.347,68.691,0.451,3.999,178.069
Destrnik,2020,16.45,13.326,52.841,1.431,8.788,193.666
Destrnik,2021,18.824,14.415,55.19,1.804,10.081,244.422
Destrnik,2022,16.957,14.293,64.673,1.487,7.201,172.16
Destrnik,2023,16.052,13.212,59.678,1.718,9.406,212.627
Destrnik,2024,15.512,12.892,61.334,0.661,6.703,199.936
Destrnik,2025,12.787,10.75,66.777,0.572,5.473,183.163
Divača,2020,11.114,8.278,67.491,0.879,6.197,164.982
Divača,2021,12.832,8.243,66.433,1.05,8.014,199.9
Divača,2022,12.593,9.701,67.728,1.476,4.582,148.756
Divača,2023,12.752,9.89,72.833,1.894,5.91,182.574
Divača,2024,10.929,8.465,70.917,0.513,3.08,164.912
Divača,2025,9.011,7.167,75.993,0.422,2.515,157.282
Dobje,2020,15.768,11.741,51.259,1.567,8.389,176.413
Dobje,2021,17.826,12.838,54.192,1.717,9.625,227.872
Dobje,2022,16.688,13.699,65.797,1.415,5.733,159.299
Dobje,2023,15.804,12.721,62.546,1.37,6.462,191.637
Dobje,2024,13.872,11.355,64.708,0.465,3.871,179.77
Dobje,2025,11.588,9.719,69.841,0.43,3.175,169.182
Dobrepolje,2020,11.355,8.6,60.597,0.978,5.392,161.638
Dobrepolje,2021,13.471,9.338,62.363,0.916,6.511,201.657
Dobrepolje,2022,13.131,10.354,67.968,1.116,4.734,146.083
Dobrepolje,2023,12.98,9.961,67.349,1.201,4.819,175.954
Dobrepolje,2024,10.98,8.592,67.049,0.33,2.749,163.102
Dobrepolje,2025,9.412,7.641,72.205,0.321,2.365,156.276
Dobrna,2020,14.852,11.018,51.325,1.395,7.861,169.225
Dobrna,2021,16.421,11.661,56.902,1.53,9.098,216.664
Dobrna,2022,15.888,12.776,66.578,1.253,5.644,151.564
Dobrna,2023,14.637,11.529,63.869,1.304,6.538,184.225
Dobrna,2024,12.025,9.623,66.342,0.38,3.642,169.413
Dobrna,2025,10.724,8.836,70.483,0.379,3.132,163.439
Dobrova - Polhov Gradec,2020,18.582,14.741,51.793,1.636,13.611,201.02
Dobrova - Polhov Gradec,2021,19.97,14.512,55.079,1.283,15.592,249.361
Dobrova - Polhov Gradec,2022,21.902,18.372,58.372,1.62,10.905,188.272
Dobrova - Polhov Gradec,2023,20.175,16.107,65.133,1.661,12.045,229.72
Dobrova - Polhov Gradec,2024,18.99,16.132,58.001,0.703,8.958,214.943
Dobrova - Polhov Gradec,2025,15.879,13.617,63.187,0.647,7.603,192.15
DobrovnikDobronak,2020,16.66,12.736,50.238,1.221,7.259,189.433
DobrovnikDobronak,2021,18.369,13.681,56.325,1.399,7.822,238.203
DobrovnikDobronak,2022,14.858,12.239,62.419,1.409,4.98,163.48
DobrovnikDobronak,2023,15.485,12.723,54.874,1.394,6.84,204.086
DobrovnikDobronak,2024,14.221,11.847,60.86,0.448,4.345,191.442
DobrovnikDobronak,2025,11.246,9.491,66.754,0.437,3.38,176.294
Dol pri Ljubljani,2020,16.532,12.862,51.552,1.523,10.542,188.732
Dol pri Ljubljani,2021,18.934,13.479,56.988,1.243,12.468,239.435
Dol pri Ljubljani,2022,19.403,16.28,61.583,1.492,8.533,177.618
Dol pri Ljubljani,2023,19.44,15.487,64.825,1.56,9.994,220.272
Dol pri Ljubljani,2024,17.274,14.635,60.218,0.531,6.649,201.038
Dol pri Ljubljani,2025,13.319,11.309,66.152,0.45,4.993,177.709
Dolenjske Toplice,2020,12.149,9.316,55.987,1.004,5.572,166.923
Dolenjske Toplice,2021,14.812,10.388,55.136,1.113,6.699,209.477
Dolenjske Toplice,2022,13.511,10.817,65.857,1.226,4.701,148.925
Dolenjske Toplice,2023,14.399,11.304,59.571,1.249,5.486,179.737
Dolenjske Toplice,2024,11.787,9.272,64.974,0.357,3.247,168.02
Dolenjske Toplice,2025,10.104,8.223,70.787,0.385,2.79,160.667
Sveti Jurij v Slov. goricah,2020,15.226,12.572,52.286,1.243,7.902,194.369
Sveti Jurij v Slov. goricah,2021,17.106,13.117,57.53,1.37,8.925,240.418
Sveti Jurij v Slov. goricah,2022,16.595,13.849,64.486,1.08,7.186,167.011
Sveti Jurij v Slov. goricah,2023,14.944,12.103,60.897,1.278,8.557,211.026
Sveti Jurij v Slov. goricah,2024,14.473,12.052,59.972,0.471,6.212,196.591
Sveti Jurij v Slov. goricah,2025,12.229,10.319,65.265,0.422,4.786,181.963
Sveti Tomaž,2020,16.337,13.0,54.606,1.266,7.145,188.985
Sveti Tomaž,2021,18.642,14.293,57.418,1.541,8.467,239.966
Sveti Tomaž,2022,15.807,13.247,65.966,1.307,5.564,167.121
Sveti Tomaž,2023,15.569,12.938,59.387,1.422,7.193,202.694
Sveti Tomaž,2024,14.931,12.399,62.45,0.481,4.895,193.285
Sveti Tomaž,2025,12.25,10.293,67.981,0.442,3.901,178.587
Tabor,2020,16.183,12.15,46.07,1.657,10.496,174.808
Tabor,2021,17.513,12.474,56.142,1.523,10.532,227.134
Tabor,2022,17.644,14.181,63.543,1.582,6.881,158.588
Tabor,2023,16.639,13.089,63.01,1.375,7.555,194.229
Tabor,2024,13.557,11.089,63.188,0.411,4.551,179.383
Tabor,2025,11.947,10.05,67.802,0.404,3.883,170.233
Tišina,2020,16.388,12.874,53.542,1.201,8.239,192.672
Tišina,2021,17.935,13.616,59.437,1.384,8.42,240.575
Tišina,2022,15.651,13.052,64.335,1.126,6.023,168.291
Tišina,2023,15.339,12.598,58.842,1.273,7.824,209.779
Tišina,2024,14.588,12.204,60.277,0.449,5.318,195.737
Tišina,2025,11.8,9.975,66.143,0.432,4.128,179.905
Tolmin,2020,12.114,8.865,61.695,0.817,6.827,154.787
Tolmin,2021,12.467,8.429,60.974,0.721,8.288,189.383
Tolmin,2022,12.119,9.023,64.961,0.787,4.307,138.281
Tolmin,2023,12.382,9.611,69.953,0.996,5.558,171.784
Tolmin,2024,9.753,7.671,70.288,0.294,2.839,157.284
Tolmin,2025,8.56,6.968,73.756,0.278,2.422,152.353
